-- SQL SCRIPT TO GENERATE MASSIVE MOCK DATA FOR MSSQL DATABASE --
-- ENTRAFESA TRANSPORTE DATABASE MOCK DATA --
USE [transporte];
GO

-- Deshabilitar restricciones de claves foráneas
EXEC sp_MSforeachtable "ALTER TABLE ? NOCHECK CONSTRAINT all";
GO

-- Limpiar datos existentes en orden inverso de dependencias
DELETE FROM [reserver_price_floor];
DBCC CHECKIDENT ('[reserver_price_floor]', RESEED, 0);
DELETE FROM [reserver_agency];
DBCC CHECKIDENT ('[reserver_agency]', RESEED, 0);
DELETE FROM [reserver];
DBCC CHECKIDENT ('[reserver]', RESEED, 0);
DELETE FROM [user_agency];
DBCC CHECKIDENT ('[user_agency]', RESEED, 0);
DELETE FROM [agency_services];
DBCC CHECKIDENT ('[agency_services]', RESEED, 0);
DELETE FROM [seat];
DBCC CHECKIDENT ('[seat]', RESEED, 0);
DELETE FROM [floor];
DBCC CHECKIDENT ('[floor]', RESEED, 0);
DELETE FROM [bus];
DBCC CHECKIDENT ('[bus]', RESEED, 0);
DELETE FROM [experience];
DBCC CHECKIDENT ('[experience]', RESEED, 0);
DELETE FROM [destination];
DBCC CHECKIDENT ('[destination]', RESEED, 0);
DELETE FROM [agency];
DBCC CHECKIDENT ('[agency]', RESEED, 0);
DELETE FROM [user];
DBCC CHECKIDENT ('[user]', RESEED, 0);
DELETE FROM [profile];
DBCC CHECKIDENT ('[profile]', RESEED, 0);
DELETE FROM [galery];
DBCC CHECKIDENT ('[galery]', RESEED, 0);
GO

PRINT 'Insertando tabla [galery]...';
SET IDENTITY_INSERT [galery] ON;
INSERT INTO [galery] ([imageId], [imageUrl], [imageName], [createdAt]) VALUES (1, N'https://picsum.photos/seed/entrafesa_1/800/600', N'foto_viaje_entrafesa_1.jpg', N'2026-03-18 19:14:51');
INSERT INTO [galery] ([imageId], [imageUrl], [imageName], [createdAt]) VALUES (2, N'https://picsum.photos/seed/entrafesa_2/800/600', N'foto_viaje_entrafesa_2.jpg', N'2026-05-17 19:14:51');
INSERT INTO [galery] ([imageId], [imageUrl], [imageName], [createdAt]) VALUES (3, N'https://picsum.photos/seed/entrafesa_3/800/600', N'foto_viaje_entrafesa_3.jpg', N'2026-06-02 19:14:51');
INSERT INTO [galery] ([imageId], [imageUrl], [imageName], [createdAt]) VALUES (4, N'https://picsum.photos/seed/entrafesa_4/800/600', N'foto_viaje_entrafesa_4.jpg', N'2026-04-26 19:14:51');
INSERT INTO [galery] ([imageId], [imageUrl], [imageName], [createdAt]) VALUES (5, N'https://picsum.photos/seed/entrafesa_5/800/600', N'foto_viaje_entrafesa_5.jpg', N'2026-03-19 19:14:51');
INSERT INTO [galery] ([imageId], [imageUrl], [imageName], [createdAt]) VALUES (6, N'https://picsum.photos/seed/entrafesa_6/800/600', N'foto_viaje_entrafesa_6.jpg', N'2026-05-08 19:14:51');
INSERT INTO [galery] ([imageId], [imageUrl], [imageName], [createdAt]) VALUES (7, N'https://picsum.photos/seed/entrafesa_7/800/600', N'foto_viaje_entrafesa_7.jpg', N'2026-06-03 19:14:51');
INSERT INTO [galery] ([imageId], [imageUrl], [imageName], [createdAt]) VALUES (8, N'https://picsum.photos/seed/entrafesa_8/800/600', N'foto_viaje_entrafesa_8.jpg', N'2026-05-29 19:14:51');
INSERT INTO [galery] ([imageId], [imageUrl], [imageName], [createdAt]) VALUES (9, N'https://picsum.photos/seed/entrafesa_9/800/600', N'foto_viaje_entrafesa_9.jpg', N'2026-04-24 19:14:51');
INSERT INTO [galery] ([imageId], [imageUrl], [imageName], [createdAt]) VALUES (10, N'https://picsum.photos/seed/entrafesa_10/800/600', N'foto_viaje_entrafesa_10.jpg', N'2026-04-11 19:14:51');
INSERT INTO [galery] ([imageId], [imageUrl], [imageName], [createdAt]) VALUES (11, N'https://picsum.photos/seed/entrafesa_11/800/600', N'foto_viaje_entrafesa_11.jpg', N'2026-05-07 19:14:51');
INSERT INTO [galery] ([imageId], [imageUrl], [imageName], [createdAt]) VALUES (12, N'https://picsum.photos/seed/entrafesa_12/800/600', N'foto_viaje_entrafesa_12.jpg', N'2026-04-20 19:14:51');
INSERT INTO [galery] ([imageId], [imageUrl], [imageName], [createdAt]) VALUES (13, N'https://picsum.photos/seed/entrafesa_13/800/600', N'foto_viaje_entrafesa_13.jpg', N'2026-04-14 19:14:51');
INSERT INTO [galery] ([imageId], [imageUrl], [imageName], [createdAt]) VALUES (14, N'https://picsum.photos/seed/entrafesa_14/800/600', N'foto_viaje_entrafesa_14.jpg', N'2026-04-05 19:14:51');
INSERT INTO [galery] ([imageId], [imageUrl], [imageName], [createdAt]) VALUES (15, N'https://picsum.photos/seed/entrafesa_15/800/600', N'foto_viaje_entrafesa_15.jpg', N'2026-05-11 19:14:51');
INSERT INTO [galery] ([imageId], [imageUrl], [imageName], [createdAt]) VALUES (16, N'https://picsum.photos/seed/entrafesa_16/800/600', N'foto_viaje_entrafesa_16.jpg', N'2026-05-14 19:14:51');
INSERT INTO [galery] ([imageId], [imageUrl], [imageName], [createdAt]) VALUES (17, N'https://picsum.photos/seed/entrafesa_17/800/600', N'foto_viaje_entrafesa_17.jpg', N'2026-03-19 19:14:51');
INSERT INTO [galery] ([imageId], [imageUrl], [imageName], [createdAt]) VALUES (18, N'https://picsum.photos/seed/entrafesa_18/800/600', N'foto_viaje_entrafesa_18.jpg', N'2026-04-12 19:14:51');
INSERT INTO [galery] ([imageId], [imageUrl], [imageName], [createdAt]) VALUES (19, N'https://picsum.photos/seed/entrafesa_19/800/600', N'foto_viaje_entrafesa_19.jpg', N'2026-03-24 19:14:51');
INSERT INTO [galery] ([imageId], [imageUrl], [imageName], [createdAt]) VALUES (20, N'https://picsum.photos/seed/entrafesa_20/800/600', N'foto_viaje_entrafesa_20.jpg', N'2026-05-13 19:14:51');
INSERT INTO [galery] ([imageId], [imageUrl], [imageName], [createdAt]) VALUES (21, N'https://picsum.photos/seed/entrafesa_21/800/600', N'foto_viaje_entrafesa_21.jpg', N'2026-05-14 19:14:51');
INSERT INTO [galery] ([imageId], [imageUrl], [imageName], [createdAt]) VALUES (22, N'https://picsum.photos/seed/entrafesa_22/800/600', N'foto_viaje_entrafesa_22.jpg', N'2026-05-24 19:14:51');
INSERT INTO [galery] ([imageId], [imageUrl], [imageName], [createdAt]) VALUES (23, N'https://picsum.photos/seed/entrafesa_23/800/600', N'foto_viaje_entrafesa_23.jpg', N'2026-04-06 19:14:51');
INSERT INTO [galery] ([imageId], [imageUrl], [imageName], [createdAt]) VALUES (24, N'https://picsum.photos/seed/entrafesa_24/800/600', N'foto_viaje_entrafesa_24.jpg', N'2026-05-16 19:14:51');
INSERT INTO [galery] ([imageId], [imageUrl], [imageName], [createdAt]) VALUES (25, N'https://picsum.photos/seed/entrafesa_25/800/600', N'foto_viaje_entrafesa_25.jpg', N'2026-05-05 19:14:51');
INSERT INTO [galery] ([imageId], [imageUrl], [imageName], [createdAt]) VALUES (26, N'https://picsum.photos/seed/entrafesa_26/800/600', N'foto_viaje_entrafesa_26.jpg', N'2026-06-01 19:14:51');
INSERT INTO [galery] ([imageId], [imageUrl], [imageName], [createdAt]) VALUES (27, N'https://picsum.photos/seed/entrafesa_27/800/600', N'foto_viaje_entrafesa_27.jpg', N'2026-05-09 19:14:51');
INSERT INTO [galery] ([imageId], [imageUrl], [imageName], [createdAt]) VALUES (28, N'https://picsum.photos/seed/entrafesa_28/800/600', N'foto_viaje_entrafesa_28.jpg', N'2026-04-05 19:14:51');
INSERT INTO [galery] ([imageId], [imageUrl], [imageName], [createdAt]) VALUES (29, N'https://picsum.photos/seed/entrafesa_29/800/600', N'foto_viaje_entrafesa_29.jpg', N'2026-03-29 19:14:51');
INSERT INTO [galery] ([imageId], [imageUrl], [imageName], [createdAt]) VALUES (30, N'https://picsum.photos/seed/entrafesa_30/800/600', N'foto_viaje_entrafesa_30.jpg', N'2026-04-04 19:14:51');
SET IDENTITY_INSERT [galery] OFF;
GO

PRINT 'Insertando tabla [profile]...';
SET IDENTITY_INSERT [profile] ON;
INSERT INTO [profile] ([userId], [typeDocument], [documentNumber], [firstName], [lastName], [email], [phone], [dateOfBirth], [typeUser], [isActive]) VALUES (1, N'DNI', N'92522065', N'Noelia', N'Priego Cáceres', N'vhurtado@example.com', N'929892569', '1990-07-11', N'CLIENT', 1);
INSERT INTO [profile] ([userId], [typeDocument], [documentNumber], [firstName], [lastName], [email], [phone], [dateOfBirth], [typeUser], [isActive]) VALUES (2, N'DNI', N'59289965', N'Geraldo', N'Iglesias Perea', N'graciela16@example.net', N'996292170', '1980-03-17', N'CLIENT', 1);
INSERT INTO [profile] ([userId], [typeDocument], [documentNumber], [firstName], [lastName], [email], [phone], [dateOfBirth], [typeUser], [isActive]) VALUES (3, N'CE', N'55886297', N'Domingo', N'Sans Sarabia', N'pilisalas@example.org', N'968598087', '2007-03-15', N'CLIENT', 1);
INSERT INTO [profile] ([userId], [typeDocument], [documentNumber], [firstName], [lastName], [email], [phone], [dateOfBirth], [typeUser], [isActive]) VALUES (4, N'CE', N'38289746', N'Felisa', N'Ariño Ramírez', N'unoguera@example.com', N'957002830', '1993-10-21', N'CLIENT', 1);
INSERT INTO [profile] ([userId], [typeDocument], [documentNumber], [firstName], [lastName], [email], [phone], [dateOfBirth], [typeUser], [isActive]) VALUES (5, N'DNI', N'64861209', N'Dulce', N'Larrañaga Almagro', N'pelayofabricio@example.org', N'946631143', '1992-06-18', N'CLIENT', 1);
INSERT INTO [profile] ([userId], [typeDocument], [documentNumber], [firstName], [lastName], [email], [phone], [dateOfBirth], [typeUser], [isActive]) VALUES (6, N'DNI', N'56709891', N'Nazaret', N'Godoy Vicens', N'rdelgado@example.com', N'982867362', '1953-02-07', N'CLIENT', 1);
INSERT INTO [profile] ([userId], [typeDocument], [documentNumber], [firstName], [lastName], [email], [phone], [dateOfBirth], [typeUser], [isActive]) VALUES (7, N'CE', N'02802945', N'Nicodemo', N'Robledo Trillo', N'horaciogranados@example.org', N'912356057', '1999-11-26', N'CLIENT', 1);
INSERT INTO [profile] ([userId], [typeDocument], [documentNumber], [firstName], [lastName], [email], [phone], [dateOfBirth], [typeUser], [isActive]) VALUES (8, N'DNI', N'13959240', N'Eutimio', N'Becerra Manso', N'basiliojover@example.org', N'950922551', '1993-09-29', N'CLIENT', 1);
INSERT INTO [profile] ([userId], [typeDocument], [documentNumber], [firstName], [lastName], [email], [phone], [dateOfBirth], [typeUser], [isActive]) VALUES (9, N'DNI', N'95620293', N'Nacho', N'Valera Romeu', N'epifanioherrera@example.net', N'937013069', '1992-09-22', N'CLIENT', 1);
INSERT INTO [profile] ([userId], [typeDocument], [documentNumber], [firstName], [lastName], [email], [phone], [dateOfBirth], [typeUser], [isActive]) VALUES (10, N'DNI', N'10152126', N'Rafael', N'López Mendizábal', N'rojasfrancisco-javier@example.com', N'927992769', '1982-09-20', N'CLIENT', 1);
INSERT INTO [profile] ([userId], [typeDocument], [documentNumber], [firstName], [lastName], [email], [phone], [dateOfBirth], [typeUser], [isActive]) VALUES (11, N'DNI', N'38708341', N'Eligio', N'Crespo Milla', N'jose-miguelgual@example.net', N'940003675', '1962-05-12', N'CLIENT', 1);
INSERT INTO [profile] ([userId], [typeDocument], [documentNumber], [firstName], [lastName], [email], [phone], [dateOfBirth], [typeUser], [isActive]) VALUES (12, N'DNI', N'23414756', N'Teófila', N'Leal Valenciano', N'yago48@example.net', N'997904603', '2004-10-23', N'CLIENT', 1);
INSERT INTO [profile] ([userId], [typeDocument], [documentNumber], [firstName], [lastName], [email], [phone], [dateOfBirth], [typeUser], [isActive]) VALUES (13, N'CE', N'74159136', N'Fidel', N'Palomares Peñalver', N'victor05@example.com', N'985831869', '1971-10-20', N'CLIENT', 1);
INSERT INTO [profile] ([userId], [typeDocument], [documentNumber], [firstName], [lastName], [email], [phone], [dateOfBirth], [typeUser], [isActive]) VALUES (14, N'DNI', N'97084434', N'Alma', N'Salvador Meléndez', N'ariadna36@example.net', N'902834101', '1966-01-07', N'CLIENT', 1);
INSERT INTO [profile] ([userId], [typeDocument], [documentNumber], [firstName], [lastName], [email], [phone], [dateOfBirth], [typeUser], [isActive]) VALUES (15, N'CE', N'16152267', N'Clarisa', N'Maza Corominas', N'veleznilo@example.org', N'993152065', '2006-07-06', N'CLIENT', 1);
INSERT INTO [profile] ([userId], [typeDocument], [documentNumber], [firstName], [lastName], [email], [phone], [dateOfBirth], [typeUser], [isActive]) VALUES (16, N'DNI', N'25751691', N'Espiridión', N'Casares Lastra', N'adelia97@example.net', N'956880096', '2002-08-20', N'CLIENT', 1);
INSERT INTO [profile] ([userId], [typeDocument], [documentNumber], [firstName], [lastName], [email], [phone], [dateOfBirth], [typeUser], [isActive]) VALUES (17, N'DNI', N'34779057', N'Iván', N'Arco Angulo', N'concepcionmari@example.org', N'935436054', '1976-08-09', N'CLIENT', 1);
INSERT INTO [profile] ([userId], [typeDocument], [documentNumber], [firstName], [lastName], [email], [phone], [dateOfBirth], [typeUser], [isActive]) VALUES (18, N'CE', N'29554011', N'Aitor', N'Pozuelo Torrecilla', N'pili80@example.com', N'906587768', '1958-05-28', N'CLIENT', 1);
INSERT INTO [profile] ([userId], [typeDocument], [documentNumber], [firstName], [lastName], [email], [phone], [dateOfBirth], [typeUser], [isActive]) VALUES (19, N'DNI', N'63764363', N'Fausto', N'Canales Villaverde', N'oscarantunez@example.org', N'944674307', '1978-05-02', N'CLIENT', 1);
INSERT INTO [profile] ([userId], [typeDocument], [documentNumber], [firstName], [lastName], [email], [phone], [dateOfBirth], [typeUser], [isActive]) VALUES (20, N'CE', N'88554952', N'Chelo', N'Domínguez Puga', N'miguelabarragan@example.org', N'977210569', '1979-01-04', N'CLIENT', 1);
INSERT INTO [profile] ([userId], [typeDocument], [documentNumber], [firstName], [lastName], [email], [phone], [dateOfBirth], [typeUser], [isActive]) VALUES (21, N'DNI', N'64071449', N'Leonel', N'Guzmán Borrell', N'brionessaturnino@example.net', N'922097877', '2003-03-26', N'CLIENT', 1);
INSERT INTO [profile] ([userId], [typeDocument], [documentNumber], [firstName], [lastName], [email], [phone], [dateOfBirth], [typeUser], [isActive]) VALUES (22, N'CE', N'03987386', N'María Pilar', N'Cerdán Aguirre', N'lladotristan@example.net', N'970059906', '1956-05-07', N'CLIENT', 1);
INSERT INTO [profile] ([userId], [typeDocument], [documentNumber], [firstName], [lastName], [email], [phone], [dateOfBirth], [typeUser], [isActive]) VALUES (23, N'CE', N'17617726', N'Geraldo', N'Puerta Moya', N'malberto@example.net', N'932041261', '1960-03-05', N'CLIENT', 1);
INSERT INTO [profile] ([userId], [typeDocument], [documentNumber], [firstName], [lastName], [email], [phone], [dateOfBirth], [typeUser], [isActive]) VALUES (24, N'DNI', N'46631582', N'Clemente', N'Martín Pulido', N'castellsedelmira@example.com', N'990326226', '2003-08-13', N'CLIENT', 1);
INSERT INTO [profile] ([userId], [typeDocument], [documentNumber], [firstName], [lastName], [email], [phone], [dateOfBirth], [typeUser], [isActive]) VALUES (25, N'CE', N'30111050', N'Diana', N'Perea Amo', N'nestortome@example.org', N'966929234', '1958-03-27', N'CLIENT', 1);
INSERT INTO [profile] ([userId], [typeDocument], [documentNumber], [firstName], [lastName], [email], [phone], [dateOfBirth], [typeUser], [isActive]) VALUES (26, N'DNI', N'20266145', N'Corona', N'Peña Bejarano', N'alegriapilar@example.net', N'958517987', '1994-04-06', N'CLIENT', 1);
INSERT INTO [profile] ([userId], [typeDocument], [documentNumber], [firstName], [lastName], [email], [phone], [dateOfBirth], [typeUser], [isActive]) VALUES (27, N'DNI', N'30207990', N'Graciano', N'Gelabert Salas', N'cirino39@example.com', N'976116078', '1994-11-11', N'CLIENT', 1);
INSERT INTO [profile] ([userId], [typeDocument], [documentNumber], [firstName], [lastName], [email], [phone], [dateOfBirth], [typeUser], [isActive]) VALUES (28, N'CE', N'78291159', N'Eduardo', N'Pareja Bayona', N'evelia51@example.org', N'972650687', '1989-08-20', N'CLIENT', 1);
INSERT INTO [profile] ([userId], [typeDocument], [documentNumber], [firstName], [lastName], [email], [phone], [dateOfBirth], [typeUser], [isActive]) VALUES (29, N'CE', N'60512809', N'Álvaro', N'Pons Otero', N'amando20@example.com', N'973505242', '2002-01-05', N'CLIENT', 1);
INSERT INTO [profile] ([userId], [typeDocument], [documentNumber], [firstName], [lastName], [email], [phone], [dateOfBirth], [typeUser], [isActive]) VALUES (30, N'DNI', N'63625666', N'Abigaíl', N'Calvet Gallo', N'lpuig@example.net', N'943886211', '1978-04-09', N'CLIENT', 1);
INSERT INTO [profile] ([userId], [typeDocument], [documentNumber], [firstName], [lastName], [email], [phone], [dateOfBirth], [typeUser], [isActive]) VALUES (31, N'CE', N'49290549', N'Rosenda', N'Bilbao Beltrán', N'teoaguila@example.net', N'996150611', '1970-01-04', N'CLIENT', 1);
INSERT INTO [profile] ([userId], [typeDocument], [documentNumber], [firstName], [lastName], [email], [phone], [dateOfBirth], [typeUser], [isActive]) VALUES (32, N'CE', N'12375420', N'Catalina', N'Martin Duarte', N'alvarezjacobo@example.com', N'904391990', '1976-02-08', N'CLIENT', 1);
INSERT INTO [profile] ([userId], [typeDocument], [documentNumber], [firstName], [lastName], [email], [phone], [dateOfBirth], [typeUser], [isActive]) VALUES (33, N'DNI', N'17142275', N'Martina', N'Echevarría Porta', N'pancho83@example.net', N'928625730', '1978-02-03', N'CLIENT', 1);
INSERT INTO [profile] ([userId], [typeDocument], [documentNumber], [firstName], [lastName], [email], [phone], [dateOfBirth], [typeUser], [isActive]) VALUES (34, N'DNI', N'35150825', N'Zaira', N'Arce Sarmiento', N'vanesarivera@example.net', N'978028473', '1989-04-29', N'CLIENT', 1);
INSERT INTO [profile] ([userId], [typeDocument], [documentNumber], [firstName], [lastName], [email], [phone], [dateOfBirth], [typeUser], [isActive]) VALUES (35, N'DNI', N'53400514', N'Jorge', N'Fiol Lopez', N'micaelaarmas@example.com', N'929893745', '1957-04-30', N'CLIENT', 1);
INSERT INTO [profile] ([userId], [typeDocument], [documentNumber], [firstName], [lastName], [email], [phone], [dateOfBirth], [typeUser], [isActive]) VALUES (36, N'DNI', N'75341111', N'Jose Angel', N'Vila Dominguez', N'renata82@example.net', N'950418521', '2001-09-02', N'CLIENT', 1);
INSERT INTO [profile] ([userId], [typeDocument], [documentNumber], [firstName], [lastName], [email], [phone], [dateOfBirth], [typeUser], [isActive]) VALUES (37, N'CE', N'79233236', N'Adoración', N'Ortuño Leal', N'constanza09@example.org', N'972865012', '2007-06-30', N'CLIENT', 1);
INSERT INTO [profile] ([userId], [typeDocument], [documentNumber], [firstName], [lastName], [email], [phone], [dateOfBirth], [typeUser], [isActive]) VALUES (38, N'DNI', N'32331291', N'Esperanza', N'Belda Vargas', N'julio-cesar20@example.org', N'913773850', '1989-12-22', N'CLIENT', 1);
INSERT INTO [profile] ([userId], [typeDocument], [documentNumber], [firstName], [lastName], [email], [phone], [dateOfBirth], [typeUser], [isActive]) VALUES (39, N'DNI', N'47689981', N'Leire', N'Bellido Osorio', N'xmanso@example.org', N'992598347', '2001-04-07', N'CLIENT', 1);
INSERT INTO [profile] ([userId], [typeDocument], [documentNumber], [firstName], [lastName], [email], [phone], [dateOfBirth], [typeUser], [isActive]) VALUES (40, N'DNI', N'04119525', N'Casandra', N'Gilabert Mur', N'flora97@example.org', N'927597084', '1989-12-06', N'CLIENT', 1);
INSERT INTO [profile] ([userId], [typeDocument], [documentNumber], [firstName], [lastName], [email], [phone], [dateOfBirth], [typeUser], [isActive]) VALUES (41, N'CE', N'59614645', N'Anastasio', N'Andres Barrios', N'maria-belenbonilla@example.org', N'911509745', '1975-07-08', N'CLIENT', 1);
INSERT INTO [profile] ([userId], [typeDocument], [documentNumber], [firstName], [lastName], [email], [phone], [dateOfBirth], [typeUser], [isActive]) VALUES (42, N'CE', N'27766970', N'Febe', N'Suárez Manso', N'ambrosio59@example.org', N'979384378', '2005-06-26', N'CLIENT', 1);
INSERT INTO [profile] ([userId], [typeDocument], [documentNumber], [firstName], [lastName], [email], [phone], [dateOfBirth], [typeUser], [isActive]) VALUES (43, N'DNI', N'31554429', N'Josep', N'Sastre Ureña', N'llobetpastor@example.net', N'920160369', '1978-12-07', N'CLIENT', 1);
INSERT INTO [profile] ([userId], [typeDocument], [documentNumber], [firstName], [lastName], [email], [phone], [dateOfBirth], [typeUser], [isActive]) VALUES (44, N'DNI', N'71193732', N'Eleuterio', N'Caparrós Moll', N'virginia32@example.org', N'970510770', '1970-10-20', N'CLIENT', 1);
INSERT INTO [profile] ([userId], [typeDocument], [documentNumber], [firstName], [lastName], [email], [phone], [dateOfBirth], [typeUser], [isActive]) VALUES (45, N'CE', N'80292535', N'Severiano', N'Pujadas Aramburu', N'qmir@example.com', N'904871418', '1963-04-04', N'CLIENT', 1);
INSERT INTO [profile] ([userId], [typeDocument], [documentNumber], [firstName], [lastName], [email], [phone], [dateOfBirth], [typeUser], [isActive]) VALUES (46, N'DNI', N'10776780', N'Saturnina', N'Hervia Varela', N'carneroursula@example.org', N'942397853', '1955-05-24', N'CLIENT', 1);
INSERT INTO [profile] ([userId], [typeDocument], [documentNumber], [firstName], [lastName], [email], [phone], [dateOfBirth], [typeUser], [isActive]) VALUES (47, N'CE', N'89945969', N'Anselma', N'Artigas Quero', N'uhervia@example.org', N'937539555', '1975-06-06', N'CLIENT', 1);
INSERT INTO [profile] ([userId], [typeDocument], [documentNumber], [firstName], [lastName], [email], [phone], [dateOfBirth], [typeUser], [isActive]) VALUES (48, N'DNI', N'44634626', N'Juan Francisco', N'Murillo Conesa', N'melerocosme@example.net', N'965734174', '1989-10-30', N'CLIENT', 1);
INSERT INTO [profile] ([userId], [typeDocument], [documentNumber], [firstName], [lastName], [email], [phone], [dateOfBirth], [typeUser], [isActive]) VALUES (49, N'CE', N'90306411', N'Alicia', N'Castillo Verdugo', N'qgodoy@example.com', N'928051501', '1953-12-27', N'CLIENT', 1);
INSERT INTO [profile] ([userId], [typeDocument], [documentNumber], [firstName], [lastName], [email], [phone], [dateOfBirth], [typeUser], [isActive]) VALUES (50, N'DNI', N'53380914', N'Salomón', N'Guillen Amador', N'tamaritvidal@example.org', N'996237619', '2003-02-17', N'CLIENT', 1);
INSERT INTO [profile] ([userId], [typeDocument], [documentNumber], [firstName], [lastName], [email], [phone], [dateOfBirth], [typeUser], [isActive]) VALUES (51, N'DNI', N'83726837', N'Marcelo', N'Roldán Borja', N'victorino03@example.com', N'932585460', '1978-12-03', N'EMPLOYEE', 1);
INSERT INTO [profile] ([userId], [typeDocument], [documentNumber], [firstName], [lastName], [email], [phone], [dateOfBirth], [typeUser], [isActive]) VALUES (52, N'DNI', N'84945936', N'Lara', N'Camps Peral', N'mariano84@example.net', N'991158786', '1971-01-17', N'EMPLOYEE', 1);
INSERT INTO [profile] ([userId], [typeDocument], [documentNumber], [firstName], [lastName], [email], [phone], [dateOfBirth], [typeUser], [isActive]) VALUES (53, N'DNI', N'40170234', N'Amaya', N'Solsona Salamanca', N'oscar00@example.com', N'940395333', '1993-01-26', N'EMPLOYEE', 1);
INSERT INTO [profile] ([userId], [typeDocument], [documentNumber], [firstName], [lastName], [email], [phone], [dateOfBirth], [typeUser], [isActive]) VALUES (54, N'DNI', N'44128960', N'Elvira', N'Guerrero Valero', N'elenasedano@example.org', N'985208284', '1992-07-18', N'EMPLOYEE', 1);
INSERT INTO [profile] ([userId], [typeDocument], [documentNumber], [firstName], [lastName], [email], [phone], [dateOfBirth], [typeUser], [isActive]) VALUES (55, N'DNI', N'83074068', N'Juliana', N'Nebot Abril', N'agudojose-ramon@example.org', N'942586187', '1984-10-22', N'EMPLOYEE', 1);
INSERT INTO [profile] ([userId], [typeDocument], [documentNumber], [firstName], [lastName], [email], [phone], [dateOfBirth], [typeUser], [isActive]) VALUES (56, N'DNI', N'17221917', N'Maite', N'Vigil Morell', N'bfabra@example.net', N'935617857', '1981-07-07', N'EMPLOYEE', 1);
INSERT INTO [profile] ([userId], [typeDocument], [documentNumber], [firstName], [lastName], [email], [phone], [dateOfBirth], [typeUser], [isActive]) VALUES (57, N'DNI', N'57420006', N'Mercedes', N'Roman Ocaña', N'ana-sofia97@example.net', N'991308249', '1966-03-31', N'EMPLOYEE', 1);
INSERT INTO [profile] ([userId], [typeDocument], [documentNumber], [firstName], [lastName], [email], [phone], [dateOfBirth], [typeUser], [isActive]) VALUES (58, N'DNI', N'89583912', N'Felicia', N'Sacristán Iglesia', N'maximocampillo@example.net', N'997230960', '1972-02-25', N'EMPLOYEE', 1);
INSERT INTO [profile] ([userId], [typeDocument], [documentNumber], [firstName], [lastName], [email], [phone], [dateOfBirth], [typeUser], [isActive]) VALUES (59, N'DNI', N'26571458', N'Inocencio', N'Arnaiz Gil', N'benjamin88@example.org', N'903245591', '1998-05-01', N'EMPLOYEE', 1);
INSERT INTO [profile] ([userId], [typeDocument], [documentNumber], [firstName], [lastName], [email], [phone], [dateOfBirth], [typeUser], [isActive]) VALUES (60, N'DNI', N'11116423', N'Herminio', N'Jerez Vilanova', N'ana-sofiaverdejo@example.net', N'973460014', '1971-10-11', N'EMPLOYEE', 1);
INSERT INTO [profile] ([userId], [typeDocument], [documentNumber], [firstName], [lastName], [email], [phone], [dateOfBirth], [typeUser], [isActive]) VALUES (61, N'DNI', N'58490261', N'Eusebia', N'Andrés Quirós', N'tere73@example.net', N'927517216', '1965-05-30', N'DRIVER', 1);
INSERT INTO [profile] ([userId], [typeDocument], [documentNumber], [firstName], [lastName], [email], [phone], [dateOfBirth], [typeUser], [isActive]) VALUES (62, N'DNI', N'57789365', N'Esmeralda', N'Soto Villalba', N'adolfobarranco@example.org', N'921128654', '1998-10-29', N'DRIVER', 1);
INSERT INTO [profile] ([userId], [typeDocument], [documentNumber], [firstName], [lastName], [email], [phone], [dateOfBirth], [typeUser], [isActive]) VALUES (63, N'DNI', N'46055280', N'Marcia', N'Anguita Barrena', N'heriberto64@example.net', N'910808485', '1992-01-04', N'DRIVER', 1);
INSERT INTO [profile] ([userId], [typeDocument], [documentNumber], [firstName], [lastName], [email], [phone], [dateOfBirth], [typeUser], [isActive]) VALUES (64, N'DNI', N'57503115', N'Ezequiel', N'Medina Grande', N'nereidasolera@example.org', N'939495775', '1973-01-23', N'DRIVER', 1);
INSERT INTO [profile] ([userId], [typeDocument], [documentNumber], [firstName], [lastName], [email], [phone], [dateOfBirth], [typeUser], [isActive]) VALUES (65, N'DNI', N'33818314', N'Remedios', N'Bernat Azorin', N'gutierrezsol@example.com', N'991531622', '2000-02-17', N'DRIVER', 1);
INSERT INTO [profile] ([userId], [typeDocument], [documentNumber], [firstName], [lastName], [email], [phone], [dateOfBirth], [typeUser], [isActive]) VALUES (66, N'DNI', N'68978170', N'Dalila', N'Verdugo Roldan', N'mariinmaculada@example.com', N'993741028', '1994-08-15', N'DRIVER', 1);
INSERT INTO [profile] ([userId], [typeDocument], [documentNumber], [firstName], [lastName], [email], [phone], [dateOfBirth], [typeUser], [isActive]) VALUES (67, N'DNI', N'76267425', N'Elpidio', N'Soto Morell', N'dancarrion@example.com', N'930192153', '1967-12-23', N'DRIVER', 1);
INSERT INTO [profile] ([userId], [typeDocument], [documentNumber], [firstName], [lastName], [email], [phone], [dateOfBirth], [typeUser], [isActive]) VALUES (68, N'DNI', N'31193306', N'Plácido', N'Marco Artigas', N'ptello@example.net', N'937534709', '1989-02-20', N'DRIVER', 1);
INSERT INTO [profile] ([userId], [typeDocument], [documentNumber], [firstName], [lastName], [email], [phone], [dateOfBirth], [typeUser], [isActive]) VALUES (69, N'DNI', N'50369217', N'Nicolás', N'Bermúdez Martín', N'gloria37@example.com', N'922270644', '1972-09-27', N'DRIVER', 1);
INSERT INTO [profile] ([userId], [typeDocument], [documentNumber], [firstName], [lastName], [email], [phone], [dateOfBirth], [typeUser], [isActive]) VALUES (70, N'DNI', N'71864841', N'Gabriela', N'Arce Ramis', N'mroldan@example.net', N'907970704', '1981-11-19', N'DRIVER', 1);
SET IDENTITY_INSERT [profile] OFF;
GO

PRINT 'Insertando tabla [user]...';
SET IDENTITY_INSERT [user] ON;
INSERT INTO [user] ([userId], [password], [typeDocument], [documentNumber], [role], [profileUserId]) VALUES (1, N'$2b$10$EPf91mB12nF8Wb2P.qfFdugD0o4G.Hq5BvVbZ/Q2b4K8P1XWb1mO2', N'DNI', N'92522065', N'user', 1);
INSERT INTO [user] ([userId], [password], [typeDocument], [documentNumber], [role], [profileUserId]) VALUES (2, N'$2b$10$EPf91mB12nF8Wb2P.qfFdugD0o4G.Hq5BvVbZ/Q2b4K8P1XWb1mO2', N'DNI', N'59289965', N'user', 2);
INSERT INTO [user] ([userId], [password], [typeDocument], [documentNumber], [role], [profileUserId]) VALUES (3, N'$2b$10$EPf91mB12nF8Wb2P.qfFdugD0o4G.Hq5BvVbZ/Q2b4K8P1XWb1mO2', N'CE', N'55886297', N'user', 3);
INSERT INTO [user] ([userId], [password], [typeDocument], [documentNumber], [role], [profileUserId]) VALUES (4, N'$2b$10$EPf91mB12nF8Wb2P.qfFdugD0o4G.Hq5BvVbZ/Q2b4K8P1XWb1mO2', N'CE', N'38289746', N'user', 4);
INSERT INTO [user] ([userId], [password], [typeDocument], [documentNumber], [role], [profileUserId]) VALUES (5, N'$2b$10$EPf91mB12nF8Wb2P.qfFdugD0o4G.Hq5BvVbZ/Q2b4K8P1XWb1mO2', N'DNI', N'64861209', N'user', 5);
INSERT INTO [user] ([userId], [password], [typeDocument], [documentNumber], [role], [profileUserId]) VALUES (6, N'$2b$10$EPf91mB12nF8Wb2P.qfFdugD0o4G.Hq5BvVbZ/Q2b4K8P1XWb1mO2', N'DNI', N'56709891', N'user', 6);
INSERT INTO [user] ([userId], [password], [typeDocument], [documentNumber], [role], [profileUserId]) VALUES (7, N'$2b$10$EPf91mB12nF8Wb2P.qfFdugD0o4G.Hq5BvVbZ/Q2b4K8P1XWb1mO2', N'CE', N'02802945', N'user', 7);
INSERT INTO [user] ([userId], [password], [typeDocument], [documentNumber], [role], [profileUserId]) VALUES (8, N'$2b$10$EPf91mB12nF8Wb2P.qfFdugD0o4G.Hq5BvVbZ/Q2b4K8P1XWb1mO2', N'DNI', N'13959240', N'user', 8);
INSERT INTO [user] ([userId], [password], [typeDocument], [documentNumber], [role], [profileUserId]) VALUES (9, N'$2b$10$EPf91mB12nF8Wb2P.qfFdugD0o4G.Hq5BvVbZ/Q2b4K8P1XWb1mO2', N'DNI', N'95620293', N'user', 9);
INSERT INTO [user] ([userId], [password], [typeDocument], [documentNumber], [role], [profileUserId]) VALUES (10, N'$2b$10$EPf91mB12nF8Wb2P.qfFdugD0o4G.Hq5BvVbZ/Q2b4K8P1XWb1mO2', N'DNI', N'10152126', N'user', 10);
INSERT INTO [user] ([userId], [password], [typeDocument], [documentNumber], [role], [profileUserId]) VALUES (11, N'$2b$10$EPf91mB12nF8Wb2P.qfFdugD0o4G.Hq5BvVbZ/Q2b4K8P1XWb1mO2', N'DNI', N'38708341', N'user', 11);
INSERT INTO [user] ([userId], [password], [typeDocument], [documentNumber], [role], [profileUserId]) VALUES (12, N'$2b$10$EPf91mB12nF8Wb2P.qfFdugD0o4G.Hq5BvVbZ/Q2b4K8P1XWb1mO2', N'DNI', N'23414756', N'user', 12);
INSERT INTO [user] ([userId], [password], [typeDocument], [documentNumber], [role], [profileUserId]) VALUES (13, N'$2b$10$EPf91mB12nF8Wb2P.qfFdugD0o4G.Hq5BvVbZ/Q2b4K8P1XWb1mO2', N'CE', N'74159136', N'user', 13);
INSERT INTO [user] ([userId], [password], [typeDocument], [documentNumber], [role], [profileUserId]) VALUES (14, N'$2b$10$EPf91mB12nF8Wb2P.qfFdugD0o4G.Hq5BvVbZ/Q2b4K8P1XWb1mO2', N'DNI', N'97084434', N'user', 14);
INSERT INTO [user] ([userId], [password], [typeDocument], [documentNumber], [role], [profileUserId]) VALUES (15, N'$2b$10$EPf91mB12nF8Wb2P.qfFdugD0o4G.Hq5BvVbZ/Q2b4K8P1XWb1mO2', N'CE', N'16152267', N'user', 15);
INSERT INTO [user] ([userId], [password], [typeDocument], [documentNumber], [role], [profileUserId]) VALUES (16, N'$2b$10$EPf91mB12nF8Wb2P.qfFdugD0o4G.Hq5BvVbZ/Q2b4K8P1XWb1mO2', N'DNI', N'25751691', N'user', 16);
INSERT INTO [user] ([userId], [password], [typeDocument], [documentNumber], [role], [profileUserId]) VALUES (17, N'$2b$10$EPf91mB12nF8Wb2P.qfFdugD0o4G.Hq5BvVbZ/Q2b4K8P1XWb1mO2', N'DNI', N'34779057', N'user', 17);
INSERT INTO [user] ([userId], [password], [typeDocument], [documentNumber], [role], [profileUserId]) VALUES (18, N'$2b$10$EPf91mB12nF8Wb2P.qfFdugD0o4G.Hq5BvVbZ/Q2b4K8P1XWb1mO2', N'CE', N'29554011', N'user', 18);
INSERT INTO [user] ([userId], [password], [typeDocument], [documentNumber], [role], [profileUserId]) VALUES (19, N'$2b$10$EPf91mB12nF8Wb2P.qfFdugD0o4G.Hq5BvVbZ/Q2b4K8P1XWb1mO2', N'DNI', N'63764363', N'user', 19);
INSERT INTO [user] ([userId], [password], [typeDocument], [documentNumber], [role], [profileUserId]) VALUES (20, N'$2b$10$EPf91mB12nF8Wb2P.qfFdugD0o4G.Hq5BvVbZ/Q2b4K8P1XWb1mO2', N'CE', N'88554952', N'user', 20);
INSERT INTO [user] ([userId], [password], [typeDocument], [documentNumber], [role], [profileUserId]) VALUES (21, N'$2b$10$EPf91mB12nF8Wb2P.qfFdugD0o4G.Hq5BvVbZ/Q2b4K8P1XWb1mO2', N'DNI', N'64071449', N'user', 21);
INSERT INTO [user] ([userId], [password], [typeDocument], [documentNumber], [role], [profileUserId]) VALUES (22, N'$2b$10$EPf91mB12nF8Wb2P.qfFdugD0o4G.Hq5BvVbZ/Q2b4K8P1XWb1mO2', N'CE', N'03987386', N'user', 22);
INSERT INTO [user] ([userId], [password], [typeDocument], [documentNumber], [role], [profileUserId]) VALUES (23, N'$2b$10$EPf91mB12nF8Wb2P.qfFdugD0o4G.Hq5BvVbZ/Q2b4K8P1XWb1mO2', N'CE', N'17617726', N'user', 23);
INSERT INTO [user] ([userId], [password], [typeDocument], [documentNumber], [role], [profileUserId]) VALUES (24, N'$2b$10$EPf91mB12nF8Wb2P.qfFdugD0o4G.Hq5BvVbZ/Q2b4K8P1XWb1mO2', N'DNI', N'46631582', N'user', 24);
INSERT INTO [user] ([userId], [password], [typeDocument], [documentNumber], [role], [profileUserId]) VALUES (25, N'$2b$10$EPf91mB12nF8Wb2P.qfFdugD0o4G.Hq5BvVbZ/Q2b4K8P1XWb1mO2', N'CE', N'30111050', N'user', 25);
INSERT INTO [user] ([userId], [password], [typeDocument], [documentNumber], [role], [profileUserId]) VALUES (26, N'$2b$10$EPf91mB12nF8Wb2P.qfFdugD0o4G.Hq5BvVbZ/Q2b4K8P1XWb1mO2', N'DNI', N'20266145', N'user', 26);
INSERT INTO [user] ([userId], [password], [typeDocument], [documentNumber], [role], [profileUserId]) VALUES (27, N'$2b$10$EPf91mB12nF8Wb2P.qfFdugD0o4G.Hq5BvVbZ/Q2b4K8P1XWb1mO2', N'DNI', N'30207990', N'user', 27);
INSERT INTO [user] ([userId], [password], [typeDocument], [documentNumber], [role], [profileUserId]) VALUES (28, N'$2b$10$EPf91mB12nF8Wb2P.qfFdugD0o4G.Hq5BvVbZ/Q2b4K8P1XWb1mO2', N'CE', N'78291159', N'user', 28);
INSERT INTO [user] ([userId], [password], [typeDocument], [documentNumber], [role], [profileUserId]) VALUES (29, N'$2b$10$EPf91mB12nF8Wb2P.qfFdugD0o4G.Hq5BvVbZ/Q2b4K8P1XWb1mO2', N'CE', N'60512809', N'user', 29);
INSERT INTO [user] ([userId], [password], [typeDocument], [documentNumber], [role], [profileUserId]) VALUES (30, N'$2b$10$EPf91mB12nF8Wb2P.qfFdugD0o4G.Hq5BvVbZ/Q2b4K8P1XWb1mO2', N'DNI', N'63625666', N'user', 30);
INSERT INTO [user] ([userId], [password], [typeDocument], [documentNumber], [role], [profileUserId]) VALUES (31, N'$2b$10$EPf91mB12nF8Wb2P.qfFdugD0o4G.Hq5BvVbZ/Q2b4K8P1XWb1mO2', N'CE', N'49290549', N'user', 31);
INSERT INTO [user] ([userId], [password], [typeDocument], [documentNumber], [role], [profileUserId]) VALUES (32, N'$2b$10$EPf91mB12nF8Wb2P.qfFdugD0o4G.Hq5BvVbZ/Q2b4K8P1XWb1mO2', N'CE', N'12375420', N'user', 32);
INSERT INTO [user] ([userId], [password], [typeDocument], [documentNumber], [role], [profileUserId]) VALUES (33, N'$2b$10$EPf91mB12nF8Wb2P.qfFdugD0o4G.Hq5BvVbZ/Q2b4K8P1XWb1mO2', N'DNI', N'17142275', N'user', 33);
INSERT INTO [user] ([userId], [password], [typeDocument], [documentNumber], [role], [profileUserId]) VALUES (34, N'$2b$10$EPf91mB12nF8Wb2P.qfFdugD0o4G.Hq5BvVbZ/Q2b4K8P1XWb1mO2', N'DNI', N'35150825', N'user', 34);
INSERT INTO [user] ([userId], [password], [typeDocument], [documentNumber], [role], [profileUserId]) VALUES (35, N'$2b$10$EPf91mB12nF8Wb2P.qfFdugD0o4G.Hq5BvVbZ/Q2b4K8P1XWb1mO2', N'DNI', N'53400514', N'user', 35);
INSERT INTO [user] ([userId], [password], [typeDocument], [documentNumber], [role], [profileUserId]) VALUES (36, N'$2b$10$EPf91mB12nF8Wb2P.qfFdugD0o4G.Hq5BvVbZ/Q2b4K8P1XWb1mO2', N'DNI', N'75341111', N'user', 36);
INSERT INTO [user] ([userId], [password], [typeDocument], [documentNumber], [role], [profileUserId]) VALUES (37, N'$2b$10$EPf91mB12nF8Wb2P.qfFdugD0o4G.Hq5BvVbZ/Q2b4K8P1XWb1mO2', N'CE', N'79233236', N'user', 37);
INSERT INTO [user] ([userId], [password], [typeDocument], [documentNumber], [role], [profileUserId]) VALUES (38, N'$2b$10$EPf91mB12nF8Wb2P.qfFdugD0o4G.Hq5BvVbZ/Q2b4K8P1XWb1mO2', N'DNI', N'32331291', N'user', 38);
INSERT INTO [user] ([userId], [password], [typeDocument], [documentNumber], [role], [profileUserId]) VALUES (39, N'$2b$10$EPf91mB12nF8Wb2P.qfFdugD0o4G.Hq5BvVbZ/Q2b4K8P1XWb1mO2', N'DNI', N'47689981', N'user', 39);
INSERT INTO [user] ([userId], [password], [typeDocument], [documentNumber], [role], [profileUserId]) VALUES (40, N'$2b$10$EPf91mB12nF8Wb2P.qfFdugD0o4G.Hq5BvVbZ/Q2b4K8P1XWb1mO2', N'DNI', N'04119525', N'user', 40);
INSERT INTO [user] ([userId], [password], [typeDocument], [documentNumber], [role], [profileUserId]) VALUES (41, N'$2b$10$EPf91mB12nF8Wb2P.qfFdugD0o4G.Hq5BvVbZ/Q2b4K8P1XWb1mO2', N'CE', N'59614645', N'user', 41);
INSERT INTO [user] ([userId], [password], [typeDocument], [documentNumber], [role], [profileUserId]) VALUES (42, N'$2b$10$EPf91mB12nF8Wb2P.qfFdugD0o4G.Hq5BvVbZ/Q2b4K8P1XWb1mO2', N'CE', N'27766970', N'user', 42);
INSERT INTO [user] ([userId], [password], [typeDocument], [documentNumber], [role], [profileUserId]) VALUES (43, N'$2b$10$EPf91mB12nF8Wb2P.qfFdugD0o4G.Hq5BvVbZ/Q2b4K8P1XWb1mO2', N'DNI', N'31554429', N'user', 43);
INSERT INTO [user] ([userId], [password], [typeDocument], [documentNumber], [role], [profileUserId]) VALUES (44, N'$2b$10$EPf91mB12nF8Wb2P.qfFdugD0o4G.Hq5BvVbZ/Q2b4K8P1XWb1mO2', N'DNI', N'71193732', N'user', 44);
INSERT INTO [user] ([userId], [password], [typeDocument], [documentNumber], [role], [profileUserId]) VALUES (45, N'$2b$10$EPf91mB12nF8Wb2P.qfFdugD0o4G.Hq5BvVbZ/Q2b4K8P1XWb1mO2', N'CE', N'80292535', N'user', 45);
INSERT INTO [user] ([userId], [password], [typeDocument], [documentNumber], [role], [profileUserId]) VALUES (46, N'$2b$10$EPf91mB12nF8Wb2P.qfFdugD0o4G.Hq5BvVbZ/Q2b4K8P1XWb1mO2', N'DNI', N'10776780', N'user', 46);
INSERT INTO [user] ([userId], [password], [typeDocument], [documentNumber], [role], [profileUserId]) VALUES (47, N'$2b$10$EPf91mB12nF8Wb2P.qfFdugD0o4G.Hq5BvVbZ/Q2b4K8P1XWb1mO2', N'CE', N'89945969', N'user', 47);
INSERT INTO [user] ([userId], [password], [typeDocument], [documentNumber], [role], [profileUserId]) VALUES (48, N'$2b$10$EPf91mB12nF8Wb2P.qfFdugD0o4G.Hq5BvVbZ/Q2b4K8P1XWb1mO2', N'DNI', N'44634626', N'user', 48);
INSERT INTO [user] ([userId], [password], [typeDocument], [documentNumber], [role], [profileUserId]) VALUES (49, N'$2b$10$EPf91mB12nF8Wb2P.qfFdugD0o4G.Hq5BvVbZ/Q2b4K8P1XWb1mO2', N'CE', N'90306411', N'user', 49);
INSERT INTO [user] ([userId], [password], [typeDocument], [documentNumber], [role], [profileUserId]) VALUES (50, N'$2b$10$EPf91mB12nF8Wb2P.qfFdugD0o4G.Hq5BvVbZ/Q2b4K8P1XWb1mO2', N'DNI', N'53380914', N'user', 50);
INSERT INTO [user] ([userId], [password], [typeDocument], [documentNumber], [role], [profileUserId]) VALUES (51, N'$2b$10$EPf91mB12nF8Wb2P.qfFdugD0o4G.Hq5BvVbZ/Q2b4K8P1XWb1mO2', N'DNI', N'83726837', N'admin', 51);
INSERT INTO [user] ([userId], [password], [typeDocument], [documentNumber], [role], [profileUserId]) VALUES (52, N'$2b$10$EPf91mB12nF8Wb2P.qfFdugD0o4G.Hq5BvVbZ/Q2b4K8P1XWb1mO2', N'DNI', N'84945936', N'seller', 52);
INSERT INTO [user] ([userId], [password], [typeDocument], [documentNumber], [role], [profileUserId]) VALUES (53, N'$2b$10$EPf91mB12nF8Wb2P.qfFdugD0o4G.Hq5BvVbZ/Q2b4K8P1XWb1mO2', N'DNI', N'40170234', N'seller', 53);
INSERT INTO [user] ([userId], [password], [typeDocument], [documentNumber], [role], [profileUserId]) VALUES (54, N'$2b$10$EPf91mB12nF8Wb2P.qfFdugD0o4G.Hq5BvVbZ/Q2b4K8P1XWb1mO2', N'DNI', N'44128960', N'seller', 54);
INSERT INTO [user] ([userId], [password], [typeDocument], [documentNumber], [role], [profileUserId]) VALUES (55, N'$2b$10$EPf91mB12nF8Wb2P.qfFdugD0o4G.Hq5BvVbZ/Q2b4K8P1XWb1mO2', N'DNI', N'83074068', N'seller', 55);
INSERT INTO [user] ([userId], [password], [typeDocument], [documentNumber], [role], [profileUserId]) VALUES (56, N'$2b$10$EPf91mB12nF8Wb2P.qfFdugD0o4G.Hq5BvVbZ/Q2b4K8P1XWb1mO2', N'DNI', N'17221917', N'seller', 56);
INSERT INTO [user] ([userId], [password], [typeDocument], [documentNumber], [role], [profileUserId]) VALUES (57, N'$2b$10$EPf91mB12nF8Wb2P.qfFdugD0o4G.Hq5BvVbZ/Q2b4K8P1XWb1mO2', N'DNI', N'57420006', N'seller', 57);
INSERT INTO [user] ([userId], [password], [typeDocument], [documentNumber], [role], [profileUserId]) VALUES (58, N'$2b$10$EPf91mB12nF8Wb2P.qfFdugD0o4G.Hq5BvVbZ/Q2b4K8P1XWb1mO2', N'DNI', N'89583912', N'seller', 58);
INSERT INTO [user] ([userId], [password], [typeDocument], [documentNumber], [role], [profileUserId]) VALUES (59, N'$2b$10$EPf91mB12nF8Wb2P.qfFdugD0o4G.Hq5BvVbZ/Q2b4K8P1XWb1mO2', N'DNI', N'26571458', N'seller', 59);
INSERT INTO [user] ([userId], [password], [typeDocument], [documentNumber], [role], [profileUserId]) VALUES (60, N'$2b$10$EPf91mB12nF8Wb2P.qfFdugD0o4G.Hq5BvVbZ/Q2b4K8P1XWb1mO2', N'DNI', N'11116423', N'seller', 60);
SET IDENTITY_INSERT [user] OFF;
GO

PRINT 'Insertando tabla [agency]...';
SET IDENTITY_INSERT [agency] ON;
INSERT INTO [agency] ([agencyId], [name], [largeAddress], [address], [phone], [description], [status], [lat], [lng], [galeryImageId], [slug]) VALUES (1, N'Terminal Entrafesa Lima', N'Av. Principal 2119, Lima, Perú', N'Av. Principal 499', N'044-755482', N'Terminal principal de pasajeros y recepción de encomiendas de Entrafesa en la ciudad de Lima.', 1, N'-12.046374', N'-77.042793', 18, N'terminal-lima');
INSERT INTO [agency] ([agencyId], [name], [largeAddress], [address], [phone], [description], [status], [lat], [lng], [galeryImageId], [slug]) VALUES (2, N'Terminal Entrafesa Trujillo', N'Av. Principal 1570, Trujillo, Perú', N'Av. Principal 945', N'044-393788', N'Terminal principal de pasajeros y recepción de encomiendas de Entrafesa en la ciudad de Trujillo.', 1, N'-8.11599', N'-79.02998', 23, N'terminal-trujillo');
INSERT INTO [agency] ([agencyId], [name], [largeAddress], [address], [phone], [description], [status], [lat], [lng], [galeryImageId], [slug]) VALUES (3, N'Terminal Entrafesa Chiclayo', N'Av. Principal 659, Chiclayo, Perú', N'Av. Principal 189', N'044-774362', N'Terminal principal de pasajeros y recepción de encomiendas de Entrafesa en la ciudad de Chiclayo.', 1, N'-6.77137', N'-79.84088', 23, N'terminal-chiclayo');
INSERT INTO [agency] ([agencyId], [name], [largeAddress], [address], [phone], [description], [status], [lat], [lng], [galeryImageId], [slug]) VALUES (4, N'Terminal Entrafesa Cajamarca', N'Av. Principal 2266, Cajamarca, Perú', N'Av. Principal 1275', N'044-131035', N'Terminal principal de pasajeros y recepción de encomiendas de Entrafesa en la ciudad de Cajamarca.', 1, N'-7.16378', N'-78.50027', 24, N'terminal-cajamarca');
INSERT INTO [agency] ([agencyId], [name], [largeAddress], [address], [phone], [description], [status], [lat], [lng], [galeryImageId], [slug]) VALUES (5, N'Terminal Entrafesa Piura', N'Av. Principal 2312, Piura, Perú', N'Av. Principal 329', N'044-109152', N'Terminal principal de pasajeros y recepción de encomiendas de Entrafesa en la ciudad de Piura.', 1, N'-5.19449', N'-80.63282', 3, N'terminal-piura');
INSERT INTO [agency] ([agencyId], [name], [largeAddress], [address], [phone], [description], [status], [lat], [lng], [galeryImageId], [slug]) VALUES (6, N'Terminal Entrafesa Pacasmayo', N'Av. Principal 2456, Pacasmayo, Perú', N'Av. Principal 307', N'044-041822', N'Terminal principal de pasajeros y recepción de encomiendas de Entrafesa en la ciudad de Pacasmayo.', 1, N'-7.40056', N'-79.57139', 28, N'terminal-pacasmayo');
INSERT INTO [agency] ([agencyId], [name], [largeAddress], [address], [phone], [description], [status], [lat], [lng], [galeryImageId], [slug]) VALUES (7, N'Terminal Entrafesa Chimbote', N'Av. Principal 364, Chimbote, Perú', N'Av. Principal 882', N'044-938084', N'Terminal principal de pasajeros y recepción de encomiendas de Entrafesa en la ciudad de Chimbote.', 1, N'-9.08528', N'-78.57833', 15, N'terminal-chimbote');
SET IDENTITY_INSERT [agency] OFF;
GO

PRINT 'Insertando tabla [destination]...';
SET IDENTITY_INSERT [destination] ON;
INSERT INTO [destination] ([destinationId], [name], [shortDescription], [longDescription], [lat], [lng], [status], [galeryImageId], [slug]) VALUES (1, N'Lima', N'Capital del Perú, centro de conexiones y negocios.', N'Lima es la capital de la República del Perú. Se encuentra situada en la costa central del país, a orillas del océano Pacífico, conformando una extensa y populosa área urbana conocida como Lima Metropolitana.', N'-12.046374', N'-77.042793', 1, 16, N'lima');
INSERT INTO [destination] ([destinationId], [name], [shortDescription], [longDescription], [lat], [lng], [status], [galeryImageId], [slug]) VALUES (2, N'Trujillo', N'Ciudad de la Eterna Primavera e historia moche.', N'Trujillo es una ciudad peruana, capital del departamento de La Libertad. Es la tercera ciudad más poblada del Perú y destaca por sus monumentos arqueológicos y su clima primaveral constante.', N'-8.11599', N'-79.02998', 1, 22, N'trujillo');
INSERT INTO [destination] ([destinationId], [name], [shortDescription], [longDescription], [lat], [lng], [status], [galeryImageId], [slug]) VALUES (3, N'Chiclayo', N'Ciudad de la Amistad y rica gastronomía lambayecana.', N'Chiclayo es la capital del departamento de Lambayeque. Conocida por su hospitalidad, mercados esotéricos y los increíbles descubrimientos arqueológicos del Señor de Sipán.', N'-6.77137', N'-79.84088', 1, 28, N'chiclayo');
INSERT INTO [destination] ([destinationId], [name], [shortDescription], [longDescription], [lat], [lng], [status], [galeryImageId], [slug]) VALUES (4, N'Cajamarca', N'Cuna del encuentro de dos mundos y exquisitos quesos.', N'Cajamarca destaca por su arquitectura colonial en piedra, sus aguas termales de los Baños del Inca y el histórico Cuarto del Rescate donde estuvo prisionero el Inca Atahualpa.', N'-7.16378', N'-78.50027', 1, 24, N'cajamarca');
INSERT INTO [destination] ([destinationId], [name], [shortDescription], [longDescription], [lat], [lng], [status], [galeryImageId], [slug]) VALUES (5, N'Piura', N'Ciudad del eterno calor, sol y hermosas playas.', N'Piura destaca por su clima cálido, su folclore, sus cerámicas de Chulucanas y las espectaculares playas del norte peruano como Máncora, Colán y Cabo Blanco.', N'-5.19449', N'-80.63282', 1, 9, N'piura');
INSERT INTO [destination] ([destinationId], [name], [shortDescription], [longDescription], [lat], [lng], [status], [galeryImageId], [slug]) VALUES (6, N'Pacasmayo', N'Puerto histórico y paraíso del windsurf.', N'Pacasmayo es un distrito costero ubicado en La Libertad, famoso por su muelle centenario, sus olas perfectas para deportes acuáticos y su arquitectura republicana.', N'-7.40056', N'-79.57139', 1, 2, N'pacasmayo');
INSERT INTO [destination] ([destinationId], [name], [shortDescription], [longDescription], [lat], [lng], [status], [galeryImageId], [slug]) VALUES (7, N'Chimbote', N'Importante puerto pesquero del norte central.', N'Chimbote destaca por su gran actividad pesquera e industrial. Posee una bahía hermosa y es la puerta de entrada al Callejón de Huaylas desde la costa ancashina.', N'-9.08528', N'-78.57833', 1, 10, N'chimbote');
SET IDENTITY_INSERT [destination] OFF;
GO

PRINT 'Insertando tabla [experience]...';
SET IDENTITY_INSERT [experience] ON;
INSERT INTO [experience] ([experienceId], [type], [name], [description], [lat], [lng], [destinationDestinationId], [galeryImageId]) VALUES (1, N'food', N'Cevichería Mi Barrunto', N'El mejor ceviche tradicional con pescados frescos del día en el distrito de La Victoria.', N'-12.032642312808898', N'-77.02510337706873', 1, 30);
INSERT INTO [experience] ([experienceId], [type], [name], [description], [lat], [lng], [destinationDestinationId], [galeryImageId]) VALUES (2, N'location', N'Centro Histórico de Lima', N'Visita guiada por la Plaza Mayor, la Catedral de Lima y las catacumbas de San Francisco.', N'-12.055090347127829', N'-77.05442487340764', 1, 4);
INSERT INTO [experience] ([experienceId], [type], [name], [description], [lat], [lng], [destinationDestinationId], [galeryImageId]) VALUES (3, N'activity', N'Parapente en Miraflores', N'Vuela sobre el acantilado de la Costa Verde con instructores calificados.', N'-12.059439517626899', N'-77.03660839270776', 1, 29);
INSERT INTO [experience] ([experienceId], [type], [name], [description], [lat], [lng], [destinationDestinationId], [galeryImageId]) VALUES (4, N'location', N'Ciudadela de Chan Chan', N'La ciudad de barro más grande de América Latina precolombina.', N'-8.110003323171826', N'-79.04507311891523', 2, 6);
INSERT INTO [experience] ([experienceId], [type], [name], [description], [lat], [lng], [destinationDestinationId], [galeryImageId]) VALUES (5, N'food', N'Shámbar Trujillano', N'Sopa tradicional de los lunes a base de menestras, trigo, piel de cerdo y jamón ahumado.', N'-8.101190513604331', N'-79.01007695487921', 2, 2);
INSERT INTO [experience] ([experienceId], [type], [name], [description], [lat], [lng], [destinationDestinationId], [galeryImageId]) VALUES (6, N'activity', N'Caballitos de Totora en Huanchaco', N'Paseo en las milenarias embarcaciones artesanales usadas por los moches.', N'-8.118555046731096', N'-79.04134011910271', 2, 21);
INSERT INTO [experience] ([experienceId], [type], [name], [description], [lat], [lng], [destinationDestinationId], [galeryImageId]) VALUES (7, N'location', N'Museo Tumbas Reales de Sipán', N'Uno de los museos arqueológicos más importantes del continente, albergando el ajuar del Señor de Sipán.', N'-6.759150726871941', N'-79.83888802933677', 3, 23);
INSERT INTO [experience] ([experienceId], [type], [name], [description], [lat], [lng], [destinationDestinationId], [galeryImageId]) VALUES (8, N'food', N'Arroz con Pato a la Chiclayana', N'Plato bandera de Lambayeque preparado con culantro, cerveza negra y pato tierno.', N'-6.771403366188165', N'-79.8526596635363', 3, 8);
INSERT INTO [experience] ([experienceId], [type], [name], [description], [lat], [lng], [destinationDestinationId], [galeryImageId]) VALUES (9, N'activity', N'Visita al Mercado de Brujos', N'Recorrido para conocer las plantas medicinales y rituales místicos tradicionales.', N'-6.775439985518598', N'-79.83304597218462', 3, 7);
INSERT INTO [experience] ([experienceId], [type], [name], [description], [lat], [lng], [destinationDestinationId], [galeryImageId]) VALUES (10, N'location', N'Baños del Inca', N'Pozas de aguas termales medicinales con propiedades curativas de origen volcánico.', N'-7.164587016096087', N'-78.52013998185981', 4, 22);
INSERT INTO [experience] ([experienceId], [type], [name], [description], [lat], [lng], [destinationDestinationId], [galeryImageId]) VALUES (11, N'food', N'Caldo Verde y Humitas', N'Sopa tradicional con hierbas andinas, acompañada de humitas de choclo fresco.', N'-7.1816833490913305', N'-78.50074375990515', 4, 17);
INSERT INTO [experience] ([experienceId], [type], [name], [description], [lat], [lng], [destinationDestinationId], [galeryImageId]) VALUES (12, N'activity', N'Las Ventanillas de Otuzco', N'Exploración de la necrópolis pre-inca tallada en farallones de roca volcánica.', N'-7.1478533670674675', N'-78.50220524682489', 4, 4);
INSERT INTO [experience] ([experienceId], [type], [name], [description], [lat], [lng], [destinationDestinationId], [galeryImageId]) VALUES (13, N'location', N'Playa Máncora', N'Principal destino de surf, relax y avistamiento de ballenas jorobadas.', N'-5.185588025961221', N'-80.61877375935869', 5, 23);
INSERT INTO [experience] ([experienceId], [type], [name], [description], [lat], [lng], [destinationDestinationId], [galeryImageId]) VALUES (14, N'food', N'Seco de Chabelo', N'Plato piurano a base de plátano verde machacado, cecina y chicha de jora.', N'-5.180096655593016', N'-80.63303755283314', 5, 22);
INSERT INTO [experience] ([experienceId], [type], [name], [description], [lat], [lng], [destinationDestinationId], [galeryImageId]) VALUES (15, N'activity', N'Taller de Cerámica en Chulucanas', N'Aprende las técnicas ancestrales de decoración y quemado de vasijas de arcilla.', N'-5.2103617381410485', N'-80.63277449241771', 5, 2);
INSERT INTO [experience] ([experienceId], [type], [name], [description], [lat], [lng], [destinationDestinationId], [galeryImageId]) VALUES (16, N'activity', N'Windsurf en El Faro', N'Navega en uno de los puntos con viento constante más valorados del continente.', N'-7.405320617671651', N'-79.58317981831757', 6, 1);
INSERT INTO [experience] ([experienceId], [type], [name], [description], [lat], [lng], [destinationDestinationId], [galeryImageId]) VALUES (17, N'food', N'Ceviche de Calamar y Conchas Negras', N'Disfruta de mariscos frescos extraídos directamente del litoral pacasmayino.', N'-7.410785676479403', N'-79.58148037548104', 6, 21);
INSERT INTO [experience] ([experienceId], [type], [name], [description], [lat], [lng], [destinationDestinationId], [galeryImageId]) VALUES (18, N'location', N'Isla Blanca', N'Paseo costero en lancha a la hermosa reserva natural habitada por lobos marinos y aves guaneras.', N'-9.072225151918405', N'-78.57398550570669', 7, 4);
SET IDENTITY_INSERT [experience] OFF;
GO

PRINT 'Insertando tabla [bus]...';
SET IDENTITY_INSERT [bus] ON;
INSERT INTO [bus] ([busId], [plate], [model], [year], [capacity], [status], [type], [name]) VALUES (1, N'TZH-236', N'Marcopolo Paradiso 1200', 2022, 44, 1, N'Piso Simple Ejecutivo', N'Hércules 917');
INSERT INTO [bus] ([busId], [plate], [model], [year], [capacity], [status], [type], [name]) VALUES (2, N'EVF-654', N'Marcopolo Paradiso 1800 DD', 2020, 60, 1, N'Doble Piso Premium', N'Hércules 844');
INSERT INTO [bus] ([busId], [plate], [model], [year], [capacity], [status], [type], [name]) VALUES (3, N'MDT-212', N'Marcopolo Paradiso 1200', 2019, 44, 1, N'Piso Simple Ejecutivo', N'Hércules 151');
INSERT INTO [bus] ([busId], [plate], [model], [year], [capacity], [status], [type], [name]) VALUES (4, N'BQY-902', N'Volvo B450R', 2018, 56, 1, N'Bus Cama Ejecutivo', N'Hércules 339');
INSERT INTO [bus] ([busId], [plate], [model], [year], [capacity], [status], [type], [name]) VALUES (5, N'IUI-351', N'Scania K410', 2026, 48, 1, N'Semicama Confort', N'Hércules 336');
INSERT INTO [bus] ([busId], [plate], [model], [year], [capacity], [status], [type], [name]) VALUES (6, N'NFG-184', N'Volvo B450R', 2024, 56, 1, N'Bus Cama Ejecutivo', N'Hércules 121');
SET IDENTITY_INSERT [bus] OFF;
GO

PRINT 'Insertando tabla [floor]...';
SET IDENTITY_INSERT [floor] ON;
INSERT INTO [floor] ([floorId], [name], [order], [columns], [rows], [status], [busBusId]) VALUES (1, N'Piso 1', 1, 4, 11, 1, 1);
INSERT INTO [floor] ([floorId], [name], [order], [columns], [rows], [status], [busBusId]) VALUES (2, N'Piso 1', 1, 4, 7, 1, 2);
INSERT INTO [floor] ([floorId], [name], [order], [columns], [rows], [status], [busBusId]) VALUES (3, N'Piso 2', 2, 4, 7, 1, 2);
INSERT INTO [floor] ([floorId], [name], [order], [columns], [rows], [status], [busBusId]) VALUES (4, N'Piso 1', 1, 4, 11, 1, 3);
INSERT INTO [floor] ([floorId], [name], [order], [columns], [rows], [status], [busBusId]) VALUES (5, N'Piso 1', 1, 4, 14, 1, 4);
INSERT INTO [floor] ([floorId], [name], [order], [columns], [rows], [status], [busBusId]) VALUES (6, N'Piso 1', 1, 4, 12, 1, 5);
INSERT INTO [floor] ([floorId], [name], [order], [columns], [rows], [status], [busBusId]) VALUES (7, N'Piso 1', 1, 4, 14, 1, 6);
SET IDENTITY_INSERT [floor] OFF;
GO

PRINT 'Insertando tabla [seat]...';
SET IDENTITY_INSERT [seat] ON;
INSERT INTO [seat] ([seatId], [name], [typeSeat], [status], [row], [column], [floorFloorId]) VALUES (1, N'SSHH', N'limpieza', 1, 1, 1, 1);
INSERT INTO [seat] ([seatId], [name], [typeSeat], [status], [row], [column], [floorFloorId]) VALUES (2, N'2', N'asiento', 1, 1, 2, 1);
INSERT INTO [seat] ([seatId], [name], [typeSeat], [status], [row], [column], [floorFloorId]) VALUES (3, N'3', N'asiento', 1, 1, 3, 1);
INSERT INTO [seat] ([seatId], [name], [typeSeat], [status], [row], [column], [floorFloorId]) VALUES (4, N'4', N'asiento', 1, 1, 4, 1);
INSERT INTO [seat] ([seatId], [name], [typeSeat], [status], [row], [column], [floorFloorId]) VALUES (5, N'5', N'asiento', 1, 2, 1, 1);
INSERT INTO [seat] ([seatId], [name], [typeSeat], [status], [row], [column], [floorFloorId]) VALUES (6, N'6', N'asiento', 1, 2, 2, 1);
INSERT INTO [seat] ([seatId], [name], [typeSeat], [status], [row], [column], [floorFloorId]) VALUES (7, N'7', N'asiento', 1, 2, 3, 1);
INSERT INTO [seat] ([seatId], [name], [typeSeat], [status], [row], [column], [floorFloorId]) VALUES (8, N'8', N'asiento', 1, 2, 4, 1);
INSERT INTO [seat] ([seatId], [name], [typeSeat], [status], [row], [column], [floorFloorId]) VALUES (9, N'9', N'asiento', 1, 3, 1, 1);
INSERT INTO [seat] ([seatId], [name], [typeSeat], [status], [row], [column], [floorFloorId]) VALUES (10, N'10', N'asiento', 1, 3, 2, 1);
INSERT INTO [seat] ([seatId], [name], [typeSeat], [status], [row], [column], [floorFloorId]) VALUES (11, N'11', N'asiento', 1, 3, 3, 1);
INSERT INTO [seat] ([seatId], [name], [typeSeat], [status], [row], [column], [floorFloorId]) VALUES (12, N'12', N'asiento', 1, 3, 4, 1);
INSERT INTO [seat] ([seatId], [name], [typeSeat], [status], [row], [column], [floorFloorId]) VALUES (13, N'13', N'asiento', 1, 4, 1, 1);
INSERT INTO [seat] ([seatId], [name], [typeSeat], [status], [row], [column], [floorFloorId]) VALUES (14, N'14', N'asiento', 1, 4, 2, 1);
INSERT INTO [seat] ([seatId], [name], [typeSeat], [status], [row], [column], [floorFloorId]) VALUES (15, N'15', N'asiento', 1, 4, 3, 1);
INSERT INTO [seat] ([seatId], [name], [typeSeat], [status], [row], [column], [floorFloorId]) VALUES (16, N'16', N'asiento', 1, 4, 4, 1);
INSERT INTO [seat] ([seatId], [name], [typeSeat], [status], [row], [column], [floorFloorId]) VALUES (17, N'17', N'asiento', 1, 5, 1, 1);
INSERT INTO [seat] ([seatId], [name], [typeSeat], [status], [row], [column], [floorFloorId]) VALUES (18, N'18', N'asiento', 1, 5, 2, 1);
INSERT INTO [seat] ([seatId], [name], [typeSeat], [status], [row], [column], [floorFloorId]) VALUES (19, N'19', N'asiento', 1, 5, 3, 1);
INSERT INTO [seat] ([seatId], [name], [typeSeat], [status], [row], [column], [floorFloorId]) VALUES (20, N'20', N'asiento', 1, 5, 4, 1);
INSERT INTO [seat] ([seatId], [name], [typeSeat], [status], [row], [column], [floorFloorId]) VALUES (21, N'21', N'asiento', 1, 6, 1, 1);
INSERT INTO [seat] ([seatId], [name], [typeSeat], [status], [row], [column], [floorFloorId]) VALUES (22, N'22', N'asiento', 1, 6, 2, 1);
INSERT INTO [seat] ([seatId], [name], [typeSeat], [status], [row], [column], [floorFloorId]) VALUES (23, N'23', N'asiento', 1, 6, 3, 1);
INSERT INTO [seat] ([seatId], [name], [typeSeat], [status], [row], [column], [floorFloorId]) VALUES (24, N'24', N'asiento', 1, 6, 4, 1);
INSERT INTO [seat] ([seatId], [name], [typeSeat], [status], [row], [column], [floorFloorId]) VALUES (25, N'25', N'asiento', 1, 7, 1, 1);
INSERT INTO [seat] ([seatId], [name], [typeSeat], [status], [row], [column], [floorFloorId]) VALUES (26, N'26', N'asiento', 1, 7, 2, 1);
INSERT INTO [seat] ([seatId], [name], [typeSeat], [status], [row], [column], [floorFloorId]) VALUES (27, N'27', N'asiento', 1, 7, 3, 1);
INSERT INTO [seat] ([seatId], [name], [typeSeat], [status], [row], [column], [floorFloorId]) VALUES (28, N'28', N'asiento', 1, 7, 4, 1);
INSERT INTO [seat] ([seatId], [name], [typeSeat], [status], [row], [column], [floorFloorId]) VALUES (29, N'29', N'asiento', 1, 8, 1, 1);
INSERT INTO [seat] ([seatId], [name], [typeSeat], [status], [row], [column], [floorFloorId]) VALUES (30, N'30', N'asiento', 1, 8, 2, 1);
INSERT INTO [seat] ([seatId], [name], [typeSeat], [status], [row], [column], [floorFloorId]) VALUES (31, N'31', N'asiento', 1, 8, 3, 1);
INSERT INTO [seat] ([seatId], [name], [typeSeat], [status], [row], [column], [floorFloorId]) VALUES (32, N'32', N'asiento', 1, 8, 4, 1);
INSERT INTO [seat] ([seatId], [name], [typeSeat], [status], [row], [column], [floorFloorId]) VALUES (33, N'33', N'asiento', 1, 9, 1, 1);
INSERT INTO [seat] ([seatId], [name], [typeSeat], [status], [row], [column], [floorFloorId]) VALUES (34, N'34', N'asiento', 1, 9, 2, 1);
INSERT INTO [seat] ([seatId], [name], [typeSeat], [status], [row], [column], [floorFloorId]) VALUES (35, N'35', N'asiento', 1, 9, 3, 1);
INSERT INTO [seat] ([seatId], [name], [typeSeat], [status], [row], [column], [floorFloorId]) VALUES (36, N'36', N'asiento', 1, 9, 4, 1);
INSERT INTO [seat] ([seatId], [name], [typeSeat], [status], [row], [column], [floorFloorId]) VALUES (37, N'37', N'asiento', 1, 10, 1, 1);
INSERT INTO [seat] ([seatId], [name], [typeSeat], [status], [row], [column], [floorFloorId]) VALUES (38, N'38', N'asiento', 1, 10, 2, 1);
INSERT INTO [seat] ([seatId], [name], [typeSeat], [status], [row], [column], [floorFloorId]) VALUES (39, N'39', N'asiento', 1, 10, 3, 1);
INSERT INTO [seat] ([seatId], [name], [typeSeat], [status], [row], [column], [floorFloorId]) VALUES (40, N'40', N'asiento', 1, 10, 4, 1);
INSERT INTO [seat] ([seatId], [name], [typeSeat], [status], [row], [column], [floorFloorId]) VALUES (41, N'41', N'asiento', 1, 11, 1, 1);
INSERT INTO [seat] ([seatId], [name], [typeSeat], [status], [row], [column], [floorFloorId]) VALUES (42, N'42', N'asiento', 1, 11, 2, 1);
INSERT INTO [seat] ([seatId], [name], [typeSeat], [status], [row], [column], [floorFloorId]) VALUES (43, N'43', N'asiento', 1, 11, 3, 1);
INSERT INTO [seat] ([seatId], [name], [typeSeat], [status], [row], [column], [floorFloorId]) VALUES (44, N'44', N'asiento', 1, 11, 4, 1);
INSERT INTO [seat] ([seatId], [name], [typeSeat], [status], [row], [column], [floorFloorId]) VALUES (45, N'SSHH', N'limpieza', 1, 1, 1, 2);
INSERT INTO [seat] ([seatId], [name], [typeSeat], [status], [row], [column], [floorFloorId]) VALUES (46, N'2', N'asiento', 1, 1, 2, 2);
INSERT INTO [seat] ([seatId], [name], [typeSeat], [status], [row], [column], [floorFloorId]) VALUES (47, N'3', N'asiento', 1, 1, 3, 2);
INSERT INTO [seat] ([seatId], [name], [typeSeat], [status], [row], [column], [floorFloorId]) VALUES (48, N'4', N'asiento', 1, 1, 4, 2);
INSERT INTO [seat] ([seatId], [name], [typeSeat], [status], [row], [column], [floorFloorId]) VALUES (49, N'5', N'asiento', 1, 2, 1, 2);
INSERT INTO [seat] ([seatId], [name], [typeSeat], [status], [row], [column], [floorFloorId]) VALUES (50, N'6', N'asiento', 1, 2, 2, 2);
INSERT INTO [seat] ([seatId], [name], [typeSeat], [status], [row], [column], [floorFloorId]) VALUES (51, N'7', N'asiento', 1, 2, 3, 2);
INSERT INTO [seat] ([seatId], [name], [typeSeat], [status], [row], [column], [floorFloorId]) VALUES (52, N'8', N'asiento', 1, 2, 4, 2);
INSERT INTO [seat] ([seatId], [name], [typeSeat], [status], [row], [column], [floorFloorId]) VALUES (53, N'9', N'asiento', 1, 3, 1, 2);
INSERT INTO [seat] ([seatId], [name], [typeSeat], [status], [row], [column], [floorFloorId]) VALUES (54, N'10', N'asiento', 1, 3, 2, 2);
INSERT INTO [seat] ([seatId], [name], [typeSeat], [status], [row], [column], [floorFloorId]) VALUES (55, N'11', N'asiento', 1, 3, 3, 2);
INSERT INTO [seat] ([seatId], [name], [typeSeat], [status], [row], [column], [floorFloorId]) VALUES (56, N'12', N'asiento', 1, 3, 4, 2);
INSERT INTO [seat] ([seatId], [name], [typeSeat], [status], [row], [column], [floorFloorId]) VALUES (57, N'13', N'asiento', 1, 4, 1, 2);
INSERT INTO [seat] ([seatId], [name], [typeSeat], [status], [row], [column], [floorFloorId]) VALUES (58, N'14', N'asiento', 1, 4, 2, 2);
INSERT INTO [seat] ([seatId], [name], [typeSeat], [status], [row], [column], [floorFloorId]) VALUES (59, N'15', N'asiento', 1, 4, 3, 2);
INSERT INTO [seat] ([seatId], [name], [typeSeat], [status], [row], [column], [floorFloorId]) VALUES (60, N'16', N'asiento', 1, 4, 4, 2);
INSERT INTO [seat] ([seatId], [name], [typeSeat], [status], [row], [column], [floorFloorId]) VALUES (61, N'17', N'asiento', 1, 5, 1, 2);
INSERT INTO [seat] ([seatId], [name], [typeSeat], [status], [row], [column], [floorFloorId]) VALUES (62, N'18', N'asiento', 1, 5, 2, 2);
INSERT INTO [seat] ([seatId], [name], [typeSeat], [status], [row], [column], [floorFloorId]) VALUES (63, N'19', N'asiento', 1, 5, 3, 2);
INSERT INTO [seat] ([seatId], [name], [typeSeat], [status], [row], [column], [floorFloorId]) VALUES (64, N'20', N'asiento', 1, 5, 4, 2);
INSERT INTO [seat] ([seatId], [name], [typeSeat], [status], [row], [column], [floorFloorId]) VALUES (65, N'21', N'asiento', 1, 6, 1, 2);
INSERT INTO [seat] ([seatId], [name], [typeSeat], [status], [row], [column], [floorFloorId]) VALUES (66, N'22', N'asiento', 1, 6, 2, 2);
INSERT INTO [seat] ([seatId], [name], [typeSeat], [status], [row], [column], [floorFloorId]) VALUES (67, N'23', N'asiento', 1, 6, 3, 2);
INSERT INTO [seat] ([seatId], [name], [typeSeat], [status], [row], [column], [floorFloorId]) VALUES (68, N'24', N'asiento', 1, 6, 4, 2);
INSERT INTO [seat] ([seatId], [name], [typeSeat], [status], [row], [column], [floorFloorId]) VALUES (69, N'25', N'asiento', 1, 7, 1, 2);
INSERT INTO [seat] ([seatId], [name], [typeSeat], [status], [row], [column], [floorFloorId]) VALUES (70, N'26', N'asiento', 1, 7, 2, 2);
INSERT INTO [seat] ([seatId], [name], [typeSeat], [status], [row], [column], [floorFloorId]) VALUES (71, N'27', N'asiento', 1, 7, 3, 2);
INSERT INTO [seat] ([seatId], [name], [typeSeat], [status], [row], [column], [floorFloorId]) VALUES (72, N'ESC', N'escalera', 1, 7, 4, 2);
INSERT INTO [seat] ([seatId], [name], [typeSeat], [status], [row], [column], [floorFloorId]) VALUES (73, N'31', N'asiento', 1, 1, 1, 3);
INSERT INTO [seat] ([seatId], [name], [typeSeat], [status], [row], [column], [floorFloorId]) VALUES (74, N'32', N'asiento', 1, 1, 2, 3);
INSERT INTO [seat] ([seatId], [name], [typeSeat], [status], [row], [column], [floorFloorId]) VALUES (75, N'33', N'asiento', 1, 1, 3, 3);
INSERT INTO [seat] ([seatId], [name], [typeSeat], [status], [row], [column], [floorFloorId]) VALUES (76, N'34', N'asiento', 1, 1, 4, 3);
INSERT INTO [seat] ([seatId], [name], [typeSeat], [status], [row], [column], [floorFloorId]) VALUES (77, N'35', N'asiento', 1, 2, 1, 3);
INSERT INTO [seat] ([seatId], [name], [typeSeat], [status], [row], [column], [floorFloorId]) VALUES (78, N'36', N'asiento', 1, 2, 2, 3);
INSERT INTO [seat] ([seatId], [name], [typeSeat], [status], [row], [column], [floorFloorId]) VALUES (79, N'37', N'asiento', 1, 2, 3, 3);
INSERT INTO [seat] ([seatId], [name], [typeSeat], [status], [row], [column], [floorFloorId]) VALUES (80, N'38', N'asiento', 1, 2, 4, 3);
INSERT INTO [seat] ([seatId], [name], [typeSeat], [status], [row], [column], [floorFloorId]) VALUES (81, N'39', N'asiento', 1, 3, 1, 3);
INSERT INTO [seat] ([seatId], [name], [typeSeat], [status], [row], [column], [floorFloorId]) VALUES (82, N'40', N'asiento', 1, 3, 2, 3);
INSERT INTO [seat] ([seatId], [name], [typeSeat], [status], [row], [column], [floorFloorId]) VALUES (83, N'41', N'asiento', 1, 3, 3, 3);
INSERT INTO [seat] ([seatId], [name], [typeSeat], [status], [row], [column], [floorFloorId]) VALUES (84, N'42', N'asiento', 1, 3, 4, 3);
INSERT INTO [seat] ([seatId], [name], [typeSeat], [status], [row], [column], [floorFloorId]) VALUES (85, N'43', N'asiento', 1, 4, 1, 3);
INSERT INTO [seat] ([seatId], [name], [typeSeat], [status], [row], [column], [floorFloorId]) VALUES (86, N'44', N'asiento', 1, 4, 2, 3);
INSERT INTO [seat] ([seatId], [name], [typeSeat], [status], [row], [column], [floorFloorId]) VALUES (87, N'45', N'asiento', 1, 4, 3, 3);
INSERT INTO [seat] ([seatId], [name], [typeSeat], [status], [row], [column], [floorFloorId]) VALUES (88, N'46', N'asiento', 1, 4, 4, 3);
INSERT INTO [seat] ([seatId], [name], [typeSeat], [status], [row], [column], [floorFloorId]) VALUES (89, N'47', N'asiento', 1, 5, 1, 3);
INSERT INTO [seat] ([seatId], [name], [typeSeat], [status], [row], [column], [floorFloorId]) VALUES (90, N'48', N'asiento', 1, 5, 2, 3);
INSERT INTO [seat] ([seatId], [name], [typeSeat], [status], [row], [column], [floorFloorId]) VALUES (91, N'49', N'asiento', 1, 5, 3, 3);
INSERT INTO [seat] ([seatId], [name], [typeSeat], [status], [row], [column], [floorFloorId]) VALUES (92, N'50', N'asiento', 1, 5, 4, 3);
INSERT INTO [seat] ([seatId], [name], [typeSeat], [status], [row], [column], [floorFloorId]) VALUES (93, N'51', N'asiento', 1, 6, 1, 3);
INSERT INTO [seat] ([seatId], [name], [typeSeat], [status], [row], [column], [floorFloorId]) VALUES (94, N'52', N'asiento', 1, 6, 2, 3);
INSERT INTO [seat] ([seatId], [name], [typeSeat], [status], [row], [column], [floorFloorId]) VALUES (95, N'53', N'asiento', 1, 6, 3, 3);
INSERT INTO [seat] ([seatId], [name], [typeSeat], [status], [row], [column], [floorFloorId]) VALUES (96, N'54', N'asiento', 1, 6, 4, 3);
INSERT INTO [seat] ([seatId], [name], [typeSeat], [status], [row], [column], [floorFloorId]) VALUES (97, N'55', N'asiento', 1, 7, 1, 3);
INSERT INTO [seat] ([seatId], [name], [typeSeat], [status], [row], [column], [floorFloorId]) VALUES (98, N'56', N'asiento', 1, 7, 2, 3);
INSERT INTO [seat] ([seatId], [name], [typeSeat], [status], [row], [column], [floorFloorId]) VALUES (99, N'57', N'asiento', 1, 7, 3, 3);
INSERT INTO [seat] ([seatId], [name], [typeSeat], [status], [row], [column], [floorFloorId]) VALUES (100, N'ESC', N'escalera', 1, 7, 4, 3);
INSERT INTO [seat] ([seatId], [name], [typeSeat], [status], [row], [column], [floorFloorId]) VALUES (101, N'SSHH', N'limpieza', 1, 1, 1, 4);
INSERT INTO [seat] ([seatId], [name], [typeSeat], [status], [row], [column], [floorFloorId]) VALUES (102, N'2', N'asiento', 1, 1, 2, 4);
INSERT INTO [seat] ([seatId], [name], [typeSeat], [status], [row], [column], [floorFloorId]) VALUES (103, N'3', N'asiento', 1, 1, 3, 4);
INSERT INTO [seat] ([seatId], [name], [typeSeat], [status], [row], [column], [floorFloorId]) VALUES (104, N'4', N'asiento', 1, 1, 4, 4);
INSERT INTO [seat] ([seatId], [name], [typeSeat], [status], [row], [column], [floorFloorId]) VALUES (105, N'5', N'asiento', 1, 2, 1, 4);
INSERT INTO [seat] ([seatId], [name], [typeSeat], [status], [row], [column], [floorFloorId]) VALUES (106, N'6', N'asiento', 1, 2, 2, 4);
INSERT INTO [seat] ([seatId], [name], [typeSeat], [status], [row], [column], [floorFloorId]) VALUES (107, N'7', N'asiento', 1, 2, 3, 4);
INSERT INTO [seat] ([seatId], [name], [typeSeat], [status], [row], [column], [floorFloorId]) VALUES (108, N'8', N'asiento', 1, 2, 4, 4);
INSERT INTO [seat] ([seatId], [name], [typeSeat], [status], [row], [column], [floorFloorId]) VALUES (109, N'9', N'asiento', 1, 3, 1, 4);
INSERT INTO [seat] ([seatId], [name], [typeSeat], [status], [row], [column], [floorFloorId]) VALUES (110, N'10', N'asiento', 1, 3, 2, 4);
INSERT INTO [seat] ([seatId], [name], [typeSeat], [status], [row], [column], [floorFloorId]) VALUES (111, N'11', N'asiento', 1, 3, 3, 4);
INSERT INTO [seat] ([seatId], [name], [typeSeat], [status], [row], [column], [floorFloorId]) VALUES (112, N'12', N'asiento', 1, 3, 4, 4);
INSERT INTO [seat] ([seatId], [name], [typeSeat], [status], [row], [column], [floorFloorId]) VALUES (113, N'13', N'asiento', 1, 4, 1, 4);
INSERT INTO [seat] ([seatId], [name], [typeSeat], [status], [row], [column], [floorFloorId]) VALUES (114, N'14', N'asiento', 1, 4, 2, 4);
INSERT INTO [seat] ([seatId], [name], [typeSeat], [status], [row], [column], [floorFloorId]) VALUES (115, N'15', N'asiento', 1, 4, 3, 4);
INSERT INTO [seat] ([seatId], [name], [typeSeat], [status], [row], [column], [floorFloorId]) VALUES (116, N'16', N'asiento', 1, 4, 4, 4);
INSERT INTO [seat] ([seatId], [name], [typeSeat], [status], [row], [column], [floorFloorId]) VALUES (117, N'17', N'asiento', 1, 5, 1, 4);
INSERT INTO [seat] ([seatId], [name], [typeSeat], [status], [row], [column], [floorFloorId]) VALUES (118, N'18', N'asiento', 1, 5, 2, 4);
INSERT INTO [seat] ([seatId], [name], [typeSeat], [status], [row], [column], [floorFloorId]) VALUES (119, N'19', N'asiento', 1, 5, 3, 4);
INSERT INTO [seat] ([seatId], [name], [typeSeat], [status], [row], [column], [floorFloorId]) VALUES (120, N'20', N'asiento', 1, 5, 4, 4);
INSERT INTO [seat] ([seatId], [name], [typeSeat], [status], [row], [column], [floorFloorId]) VALUES (121, N'21', N'asiento', 1, 6, 1, 4);
INSERT INTO [seat] ([seatId], [name], [typeSeat], [status], [row], [column], [floorFloorId]) VALUES (122, N'22', N'asiento', 1, 6, 2, 4);
INSERT INTO [seat] ([seatId], [name], [typeSeat], [status], [row], [column], [floorFloorId]) VALUES (123, N'23', N'asiento', 1, 6, 3, 4);
INSERT INTO [seat] ([seatId], [name], [typeSeat], [status], [row], [column], [floorFloorId]) VALUES (124, N'24', N'asiento', 1, 6, 4, 4);
INSERT INTO [seat] ([seatId], [name], [typeSeat], [status], [row], [column], [floorFloorId]) VALUES (125, N'25', N'asiento', 1, 7, 1, 4);
INSERT INTO [seat] ([seatId], [name], [typeSeat], [status], [row], [column], [floorFloorId]) VALUES (126, N'26', N'asiento', 1, 7, 2, 4);
INSERT INTO [seat] ([seatId], [name], [typeSeat], [status], [row], [column], [floorFloorId]) VALUES (127, N'27', N'asiento', 1, 7, 3, 4);
INSERT INTO [seat] ([seatId], [name], [typeSeat], [status], [row], [column], [floorFloorId]) VALUES (128, N'28', N'asiento', 1, 7, 4, 4);
INSERT INTO [seat] ([seatId], [name], [typeSeat], [status], [row], [column], [floorFloorId]) VALUES (129, N'29', N'asiento', 1, 8, 1, 4);
INSERT INTO [seat] ([seatId], [name], [typeSeat], [status], [row], [column], [floorFloorId]) VALUES (130, N'30', N'asiento', 1, 8, 2, 4);
INSERT INTO [seat] ([seatId], [name], [typeSeat], [status], [row], [column], [floorFloorId]) VALUES (131, N'31', N'asiento', 1, 8, 3, 4);
INSERT INTO [seat] ([seatId], [name], [typeSeat], [status], [row], [column], [floorFloorId]) VALUES (132, N'32', N'asiento', 1, 8, 4, 4);
INSERT INTO [seat] ([seatId], [name], [typeSeat], [status], [row], [column], [floorFloorId]) VALUES (133, N'33', N'asiento', 1, 9, 1, 4);
INSERT INTO [seat] ([seatId], [name], [typeSeat], [status], [row], [column], [floorFloorId]) VALUES (134, N'34', N'asiento', 1, 9, 2, 4);
INSERT INTO [seat] ([seatId], [name], [typeSeat], [status], [row], [column], [floorFloorId]) VALUES (135, N'35', N'asiento', 1, 9, 3, 4);
INSERT INTO [seat] ([seatId], [name], [typeSeat], [status], [row], [column], [floorFloorId]) VALUES (136, N'36', N'asiento', 1, 9, 4, 4);
INSERT INTO [seat] ([seatId], [name], [typeSeat], [status], [row], [column], [floorFloorId]) VALUES (137, N'37', N'asiento', 1, 10, 1, 4);
INSERT INTO [seat] ([seatId], [name], [typeSeat], [status], [row], [column], [floorFloorId]) VALUES (138, N'38', N'asiento', 1, 10, 2, 4);
INSERT INTO [seat] ([seatId], [name], [typeSeat], [status], [row], [column], [floorFloorId]) VALUES (139, N'39', N'asiento', 1, 10, 3, 4);
INSERT INTO [seat] ([seatId], [name], [typeSeat], [status], [row], [column], [floorFloorId]) VALUES (140, N'40', N'asiento', 1, 10, 4, 4);
INSERT INTO [seat] ([seatId], [name], [typeSeat], [status], [row], [column], [floorFloorId]) VALUES (141, N'41', N'asiento', 1, 11, 1, 4);
INSERT INTO [seat] ([seatId], [name], [typeSeat], [status], [row], [column], [floorFloorId]) VALUES (142, N'42', N'asiento', 1, 11, 2, 4);
INSERT INTO [seat] ([seatId], [name], [typeSeat], [status], [row], [column], [floorFloorId]) VALUES (143, N'43', N'asiento', 1, 11, 3, 4);
INSERT INTO [seat] ([seatId], [name], [typeSeat], [status], [row], [column], [floorFloorId]) VALUES (144, N'44', N'asiento', 1, 11, 4, 4);
INSERT INTO [seat] ([seatId], [name], [typeSeat], [status], [row], [column], [floorFloorId]) VALUES (145, N'SSHH', N'limpieza', 1, 1, 1, 5);
INSERT INTO [seat] ([seatId], [name], [typeSeat], [status], [row], [column], [floorFloorId]) VALUES (146, N'2', N'asiento', 1, 1, 2, 5);
INSERT INTO [seat] ([seatId], [name], [typeSeat], [status], [row], [column], [floorFloorId]) VALUES (147, N'3', N'asiento', 1, 1, 3, 5);
INSERT INTO [seat] ([seatId], [name], [typeSeat], [status], [row], [column], [floorFloorId]) VALUES (148, N'4', N'asiento', 1, 1, 4, 5);
INSERT INTO [seat] ([seatId], [name], [typeSeat], [status], [row], [column], [floorFloorId]) VALUES (149, N'5', N'asiento', 1, 2, 1, 5);
INSERT INTO [seat] ([seatId], [name], [typeSeat], [status], [row], [column], [floorFloorId]) VALUES (150, N'6', N'asiento', 1, 2, 2, 5);
INSERT INTO [seat] ([seatId], [name], [typeSeat], [status], [row], [column], [floorFloorId]) VALUES (151, N'7', N'asiento', 1, 2, 3, 5);
INSERT INTO [seat] ([seatId], [name], [typeSeat], [status], [row], [column], [floorFloorId]) VALUES (152, N'8', N'asiento', 1, 2, 4, 5);
INSERT INTO [seat] ([seatId], [name], [typeSeat], [status], [row], [column], [floorFloorId]) VALUES (153, N'9', N'asiento', 1, 3, 1, 5);
INSERT INTO [seat] ([seatId], [name], [typeSeat], [status], [row], [column], [floorFloorId]) VALUES (154, N'10', N'asiento', 1, 3, 2, 5);
INSERT INTO [seat] ([seatId], [name], [typeSeat], [status], [row], [column], [floorFloorId]) VALUES (155, N'11', N'asiento', 1, 3, 3, 5);
INSERT INTO [seat] ([seatId], [name], [typeSeat], [status], [row], [column], [floorFloorId]) VALUES (156, N'12', N'asiento', 1, 3, 4, 5);
INSERT INTO [seat] ([seatId], [name], [typeSeat], [status], [row], [column], [floorFloorId]) VALUES (157, N'13', N'asiento', 1, 4, 1, 5);
INSERT INTO [seat] ([seatId], [name], [typeSeat], [status], [row], [column], [floorFloorId]) VALUES (158, N'14', N'asiento', 1, 4, 2, 5);
INSERT INTO [seat] ([seatId], [name], [typeSeat], [status], [row], [column], [floorFloorId]) VALUES (159, N'15', N'asiento', 1, 4, 3, 5);
INSERT INTO [seat] ([seatId], [name], [typeSeat], [status], [row], [column], [floorFloorId]) VALUES (160, N'16', N'asiento', 1, 4, 4, 5);
INSERT INTO [seat] ([seatId], [name], [typeSeat], [status], [row], [column], [floorFloorId]) VALUES (161, N'17', N'asiento', 1, 5, 1, 5);
INSERT INTO [seat] ([seatId], [name], [typeSeat], [status], [row], [column], [floorFloorId]) VALUES (162, N'18', N'asiento', 1, 5, 2, 5);
INSERT INTO [seat] ([seatId], [name], [typeSeat], [status], [row], [column], [floorFloorId]) VALUES (163, N'19', N'asiento', 1, 5, 3, 5);
INSERT INTO [seat] ([seatId], [name], [typeSeat], [status], [row], [column], [floorFloorId]) VALUES (164, N'20', N'asiento', 1, 5, 4, 5);
INSERT INTO [seat] ([seatId], [name], [typeSeat], [status], [row], [column], [floorFloorId]) VALUES (165, N'21', N'asiento', 1, 6, 1, 5);
INSERT INTO [seat] ([seatId], [name], [typeSeat], [status], [row], [column], [floorFloorId]) VALUES (166, N'22', N'asiento', 1, 6, 2, 5);
INSERT INTO [seat] ([seatId], [name], [typeSeat], [status], [row], [column], [floorFloorId]) VALUES (167, N'23', N'asiento', 1, 6, 3, 5);
INSERT INTO [seat] ([seatId], [name], [typeSeat], [status], [row], [column], [floorFloorId]) VALUES (168, N'24', N'asiento', 1, 6, 4, 5);
INSERT INTO [seat] ([seatId], [name], [typeSeat], [status], [row], [column], [floorFloorId]) VALUES (169, N'25', N'asiento', 1, 7, 1, 5);
INSERT INTO [seat] ([seatId], [name], [typeSeat], [status], [row], [column], [floorFloorId]) VALUES (170, N'26', N'asiento', 1, 7, 2, 5);
INSERT INTO [seat] ([seatId], [name], [typeSeat], [status], [row], [column], [floorFloorId]) VALUES (171, N'27', N'asiento', 1, 7, 3, 5);
INSERT INTO [seat] ([seatId], [name], [typeSeat], [status], [row], [column], [floorFloorId]) VALUES (172, N'28', N'asiento', 1, 7, 4, 5);
INSERT INTO [seat] ([seatId], [name], [typeSeat], [status], [row], [column], [floorFloorId]) VALUES (173, N'29', N'asiento', 1, 8, 1, 5);
INSERT INTO [seat] ([seatId], [name], [typeSeat], [status], [row], [column], [floorFloorId]) VALUES (174, N'30', N'asiento', 1, 8, 2, 5);
INSERT INTO [seat] ([seatId], [name], [typeSeat], [status], [row], [column], [floorFloorId]) VALUES (175, N'31', N'asiento', 1, 8, 3, 5);
INSERT INTO [seat] ([seatId], [name], [typeSeat], [status], [row], [column], [floorFloorId]) VALUES (176, N'32', N'asiento', 1, 8, 4, 5);
INSERT INTO [seat] ([seatId], [name], [typeSeat], [status], [row], [column], [floorFloorId]) VALUES (177, N'33', N'asiento', 1, 9, 1, 5);
INSERT INTO [seat] ([seatId], [name], [typeSeat], [status], [row], [column], [floorFloorId]) VALUES (178, N'34', N'asiento', 1, 9, 2, 5);
INSERT INTO [seat] ([seatId], [name], [typeSeat], [status], [row], [column], [floorFloorId]) VALUES (179, N'35', N'asiento', 1, 9, 3, 5);
INSERT INTO [seat] ([seatId], [name], [typeSeat], [status], [row], [column], [floorFloorId]) VALUES (180, N'36', N'asiento', 1, 9, 4, 5);
INSERT INTO [seat] ([seatId], [name], [typeSeat], [status], [row], [column], [floorFloorId]) VALUES (181, N'37', N'asiento', 1, 10, 1, 5);
INSERT INTO [seat] ([seatId], [name], [typeSeat], [status], [row], [column], [floorFloorId]) VALUES (182, N'38', N'asiento', 1, 10, 2, 5);
INSERT INTO [seat] ([seatId], [name], [typeSeat], [status], [row], [column], [floorFloorId]) VALUES (183, N'39', N'asiento', 1, 10, 3, 5);
INSERT INTO [seat] ([seatId], [name], [typeSeat], [status], [row], [column], [floorFloorId]) VALUES (184, N'40', N'asiento', 1, 10, 4, 5);
INSERT INTO [seat] ([seatId], [name], [typeSeat], [status], [row], [column], [floorFloorId]) VALUES (185, N'41', N'asiento', 1, 11, 1, 5);
INSERT INTO [seat] ([seatId], [name], [typeSeat], [status], [row], [column], [floorFloorId]) VALUES (186, N'42', N'asiento', 1, 11, 2, 5);
INSERT INTO [seat] ([seatId], [name], [typeSeat], [status], [row], [column], [floorFloorId]) VALUES (187, N'43', N'asiento', 1, 11, 3, 5);
INSERT INTO [seat] ([seatId], [name], [typeSeat], [status], [row], [column], [floorFloorId]) VALUES (188, N'44', N'asiento', 1, 11, 4, 5);
INSERT INTO [seat] ([seatId], [name], [typeSeat], [status], [row], [column], [floorFloorId]) VALUES (189, N'45', N'asiento', 1, 12, 1, 5);
INSERT INTO [seat] ([seatId], [name], [typeSeat], [status], [row], [column], [floorFloorId]) VALUES (190, N'46', N'asiento', 1, 12, 2, 5);
INSERT INTO [seat] ([seatId], [name], [typeSeat], [status], [row], [column], [floorFloorId]) VALUES (191, N'47', N'asiento', 1, 12, 3, 5);
INSERT INTO [seat] ([seatId], [name], [typeSeat], [status], [row], [column], [floorFloorId]) VALUES (192, N'48', N'asiento', 1, 12, 4, 5);
INSERT INTO [seat] ([seatId], [name], [typeSeat], [status], [row], [column], [floorFloorId]) VALUES (193, N'49', N'asiento', 1, 13, 1, 5);
INSERT INTO [seat] ([seatId], [name], [typeSeat], [status], [row], [column], [floorFloorId]) VALUES (194, N'50', N'asiento', 1, 13, 2, 5);
INSERT INTO [seat] ([seatId], [name], [typeSeat], [status], [row], [column], [floorFloorId]) VALUES (195, N'51', N'asiento', 1, 13, 3, 5);
INSERT INTO [seat] ([seatId], [name], [typeSeat], [status], [row], [column], [floorFloorId]) VALUES (196, N'52', N'asiento', 1, 13, 4, 5);
INSERT INTO [seat] ([seatId], [name], [typeSeat], [status], [row], [column], [floorFloorId]) VALUES (197, N'53', N'asiento', 1, 14, 1, 5);
INSERT INTO [seat] ([seatId], [name], [typeSeat], [status], [row], [column], [floorFloorId]) VALUES (198, N'54', N'asiento', 1, 14, 2, 5);
INSERT INTO [seat] ([seatId], [name], [typeSeat], [status], [row], [column], [floorFloorId]) VALUES (199, N'55', N'asiento', 1, 14, 3, 5);
INSERT INTO [seat] ([seatId], [name], [typeSeat], [status], [row], [column], [floorFloorId]) VALUES (200, N'56', N'asiento', 1, 14, 4, 5);
INSERT INTO [seat] ([seatId], [name], [typeSeat], [status], [row], [column], [floorFloorId]) VALUES (201, N'SSHH', N'limpieza', 1, 1, 1, 6);
INSERT INTO [seat] ([seatId], [name], [typeSeat], [status], [row], [column], [floorFloorId]) VALUES (202, N'2', N'asiento', 1, 1, 2, 6);
INSERT INTO [seat] ([seatId], [name], [typeSeat], [status], [row], [column], [floorFloorId]) VALUES (203, N'3', N'asiento', 1, 1, 3, 6);
INSERT INTO [seat] ([seatId], [name], [typeSeat], [status], [row], [column], [floorFloorId]) VALUES (204, N'4', N'asiento', 1, 1, 4, 6);
INSERT INTO [seat] ([seatId], [name], [typeSeat], [status], [row], [column], [floorFloorId]) VALUES (205, N'5', N'asiento', 1, 2, 1, 6);
INSERT INTO [seat] ([seatId], [name], [typeSeat], [status], [row], [column], [floorFloorId]) VALUES (206, N'6', N'asiento', 1, 2, 2, 6);
INSERT INTO [seat] ([seatId], [name], [typeSeat], [status], [row], [column], [floorFloorId]) VALUES (207, N'7', N'asiento', 1, 2, 3, 6);
INSERT INTO [seat] ([seatId], [name], [typeSeat], [status], [row], [column], [floorFloorId]) VALUES (208, N'8', N'asiento', 1, 2, 4, 6);
INSERT INTO [seat] ([seatId], [name], [typeSeat], [status], [row], [column], [floorFloorId]) VALUES (209, N'9', N'asiento', 1, 3, 1, 6);
INSERT INTO [seat] ([seatId], [name], [typeSeat], [status], [row], [column], [floorFloorId]) VALUES (210, N'10', N'asiento', 1, 3, 2, 6);
INSERT INTO [seat] ([seatId], [name], [typeSeat], [status], [row], [column], [floorFloorId]) VALUES (211, N'11', N'asiento', 1, 3, 3, 6);
INSERT INTO [seat] ([seatId], [name], [typeSeat], [status], [row], [column], [floorFloorId]) VALUES (212, N'12', N'asiento', 1, 3, 4, 6);
INSERT INTO [seat] ([seatId], [name], [typeSeat], [status], [row], [column], [floorFloorId]) VALUES (213, N'13', N'asiento', 1, 4, 1, 6);
INSERT INTO [seat] ([seatId], [name], [typeSeat], [status], [row], [column], [floorFloorId]) VALUES (214, N'14', N'asiento', 1, 4, 2, 6);
INSERT INTO [seat] ([seatId], [name], [typeSeat], [status], [row], [column], [floorFloorId]) VALUES (215, N'15', N'asiento', 1, 4, 3, 6);
INSERT INTO [seat] ([seatId], [name], [typeSeat], [status], [row], [column], [floorFloorId]) VALUES (216, N'16', N'asiento', 1, 4, 4, 6);
INSERT INTO [seat] ([seatId], [name], [typeSeat], [status], [row], [column], [floorFloorId]) VALUES (217, N'17', N'asiento', 1, 5, 1, 6);
INSERT INTO [seat] ([seatId], [name], [typeSeat], [status], [row], [column], [floorFloorId]) VALUES (218, N'18', N'asiento', 1, 5, 2, 6);
INSERT INTO [seat] ([seatId], [name], [typeSeat], [status], [row], [column], [floorFloorId]) VALUES (219, N'19', N'asiento', 1, 5, 3, 6);
INSERT INTO [seat] ([seatId], [name], [typeSeat], [status], [row], [column], [floorFloorId]) VALUES (220, N'20', N'asiento', 1, 5, 4, 6);
INSERT INTO [seat] ([seatId], [name], [typeSeat], [status], [row], [column], [floorFloorId]) VALUES (221, N'21', N'asiento', 1, 6, 1, 6);
INSERT INTO [seat] ([seatId], [name], [typeSeat], [status], [row], [column], [floorFloorId]) VALUES (222, N'22', N'asiento', 1, 6, 2, 6);
INSERT INTO [seat] ([seatId], [name], [typeSeat], [status], [row], [column], [floorFloorId]) VALUES (223, N'23', N'asiento', 1, 6, 3, 6);
INSERT INTO [seat] ([seatId], [name], [typeSeat], [status], [row], [column], [floorFloorId]) VALUES (224, N'24', N'asiento', 1, 6, 4, 6);
INSERT INTO [seat] ([seatId], [name], [typeSeat], [status], [row], [column], [floorFloorId]) VALUES (225, N'25', N'asiento', 1, 7, 1, 6);
INSERT INTO [seat] ([seatId], [name], [typeSeat], [status], [row], [column], [floorFloorId]) VALUES (226, N'26', N'asiento', 1, 7, 2, 6);
INSERT INTO [seat] ([seatId], [name], [typeSeat], [status], [row], [column], [floorFloorId]) VALUES (227, N'27', N'asiento', 1, 7, 3, 6);
INSERT INTO [seat] ([seatId], [name], [typeSeat], [status], [row], [column], [floorFloorId]) VALUES (228, N'28', N'asiento', 1, 7, 4, 6);
INSERT INTO [seat] ([seatId], [name], [typeSeat], [status], [row], [column], [floorFloorId]) VALUES (229, N'29', N'asiento', 1, 8, 1, 6);
INSERT INTO [seat] ([seatId], [name], [typeSeat], [status], [row], [column], [floorFloorId]) VALUES (230, N'30', N'asiento', 1, 8, 2, 6);
INSERT INTO [seat] ([seatId], [name], [typeSeat], [status], [row], [column], [floorFloorId]) VALUES (231, N'31', N'asiento', 1, 8, 3, 6);
INSERT INTO [seat] ([seatId], [name], [typeSeat], [status], [row], [column], [floorFloorId]) VALUES (232, N'32', N'asiento', 1, 8, 4, 6);
INSERT INTO [seat] ([seatId], [name], [typeSeat], [status], [row], [column], [floorFloorId]) VALUES (233, N'33', N'asiento', 1, 9, 1, 6);
INSERT INTO [seat] ([seatId], [name], [typeSeat], [status], [row], [column], [floorFloorId]) VALUES (234, N'34', N'asiento', 1, 9, 2, 6);
INSERT INTO [seat] ([seatId], [name], [typeSeat], [status], [row], [column], [floorFloorId]) VALUES (235, N'35', N'asiento', 1, 9, 3, 6);
INSERT INTO [seat] ([seatId], [name], [typeSeat], [status], [row], [column], [floorFloorId]) VALUES (236, N'36', N'asiento', 1, 9, 4, 6);
INSERT INTO [seat] ([seatId], [name], [typeSeat], [status], [row], [column], [floorFloorId]) VALUES (237, N'37', N'asiento', 1, 10, 1, 6);
INSERT INTO [seat] ([seatId], [name], [typeSeat], [status], [row], [column], [floorFloorId]) VALUES (238, N'38', N'asiento', 1, 10, 2, 6);
INSERT INTO [seat] ([seatId], [name], [typeSeat], [status], [row], [column], [floorFloorId]) VALUES (239, N'39', N'asiento', 1, 10, 3, 6);
INSERT INTO [seat] ([seatId], [name], [typeSeat], [status], [row], [column], [floorFloorId]) VALUES (240, N'40', N'asiento', 1, 10, 4, 6);
INSERT INTO [seat] ([seatId], [name], [typeSeat], [status], [row], [column], [floorFloorId]) VALUES (241, N'41', N'asiento', 1, 11, 1, 6);
INSERT INTO [seat] ([seatId], [name], [typeSeat], [status], [row], [column], [floorFloorId]) VALUES (242, N'42', N'asiento', 1, 11, 2, 6);
INSERT INTO [seat] ([seatId], [name], [typeSeat], [status], [row], [column], [floorFloorId]) VALUES (243, N'43', N'asiento', 1, 11, 3, 6);
INSERT INTO [seat] ([seatId], [name], [typeSeat], [status], [row], [column], [floorFloorId]) VALUES (244, N'44', N'asiento', 1, 11, 4, 6);
INSERT INTO [seat] ([seatId], [name], [typeSeat], [status], [row], [column], [floorFloorId]) VALUES (245, N'45', N'asiento', 1, 12, 1, 6);
INSERT INTO [seat] ([seatId], [name], [typeSeat], [status], [row], [column], [floorFloorId]) VALUES (246, N'46', N'asiento', 1, 12, 2, 6);
INSERT INTO [seat] ([seatId], [name], [typeSeat], [status], [row], [column], [floorFloorId]) VALUES (247, N'47', N'asiento', 1, 12, 3, 6);
INSERT INTO [seat] ([seatId], [name], [typeSeat], [status], [row], [column], [floorFloorId]) VALUES (248, N'48', N'asiento', 1, 12, 4, 6);
INSERT INTO [seat] ([seatId], [name], [typeSeat], [status], [row], [column], [floorFloorId]) VALUES (249, N'SSHH', N'limpieza', 1, 1, 1, 7);
INSERT INTO [seat] ([seatId], [name], [typeSeat], [status], [row], [column], [floorFloorId]) VALUES (250, N'2', N'asiento', 1, 1, 2, 7);
INSERT INTO [seat] ([seatId], [name], [typeSeat], [status], [row], [column], [floorFloorId]) VALUES (251, N'3', N'asiento', 1, 1, 3, 7);
INSERT INTO [seat] ([seatId], [name], [typeSeat], [status], [row], [column], [floorFloorId]) VALUES (252, N'4', N'asiento', 1, 1, 4, 7);
INSERT INTO [seat] ([seatId], [name], [typeSeat], [status], [row], [column], [floorFloorId]) VALUES (253, N'5', N'asiento', 1, 2, 1, 7);
INSERT INTO [seat] ([seatId], [name], [typeSeat], [status], [row], [column], [floorFloorId]) VALUES (254, N'6', N'asiento', 1, 2, 2, 7);
INSERT INTO [seat] ([seatId], [name], [typeSeat], [status], [row], [column], [floorFloorId]) VALUES (255, N'7', N'asiento', 1, 2, 3, 7);
INSERT INTO [seat] ([seatId], [name], [typeSeat], [status], [row], [column], [floorFloorId]) VALUES (256, N'8', N'asiento', 1, 2, 4, 7);
INSERT INTO [seat] ([seatId], [name], [typeSeat], [status], [row], [column], [floorFloorId]) VALUES (257, N'9', N'asiento', 1, 3, 1, 7);
INSERT INTO [seat] ([seatId], [name], [typeSeat], [status], [row], [column], [floorFloorId]) VALUES (258, N'10', N'asiento', 1, 3, 2, 7);
INSERT INTO [seat] ([seatId], [name], [typeSeat], [status], [row], [column], [floorFloorId]) VALUES (259, N'11', N'asiento', 1, 3, 3, 7);
INSERT INTO [seat] ([seatId], [name], [typeSeat], [status], [row], [column], [floorFloorId]) VALUES (260, N'12', N'asiento', 1, 3, 4, 7);
INSERT INTO [seat] ([seatId], [name], [typeSeat], [status], [row], [column], [floorFloorId]) VALUES (261, N'13', N'asiento', 1, 4, 1, 7);
INSERT INTO [seat] ([seatId], [name], [typeSeat], [status], [row], [column], [floorFloorId]) VALUES (262, N'14', N'asiento', 1, 4, 2, 7);
INSERT INTO [seat] ([seatId], [name], [typeSeat], [status], [row], [column], [floorFloorId]) VALUES (263, N'15', N'asiento', 1, 4, 3, 7);
INSERT INTO [seat] ([seatId], [name], [typeSeat], [status], [row], [column], [floorFloorId]) VALUES (264, N'16', N'asiento', 1, 4, 4, 7);
INSERT INTO [seat] ([seatId], [name], [typeSeat], [status], [row], [column], [floorFloorId]) VALUES (265, N'17', N'asiento', 1, 5, 1, 7);
INSERT INTO [seat] ([seatId], [name], [typeSeat], [status], [row], [column], [floorFloorId]) VALUES (266, N'18', N'asiento', 1, 5, 2, 7);
INSERT INTO [seat] ([seatId], [name], [typeSeat], [status], [row], [column], [floorFloorId]) VALUES (267, N'19', N'asiento', 1, 5, 3, 7);
INSERT INTO [seat] ([seatId], [name], [typeSeat], [status], [row], [column], [floorFloorId]) VALUES (268, N'20', N'asiento', 1, 5, 4, 7);
INSERT INTO [seat] ([seatId], [name], [typeSeat], [status], [row], [column], [floorFloorId]) VALUES (269, N'21', N'asiento', 1, 6, 1, 7);
INSERT INTO [seat] ([seatId], [name], [typeSeat], [status], [row], [column], [floorFloorId]) VALUES (270, N'22', N'asiento', 1, 6, 2, 7);
INSERT INTO [seat] ([seatId], [name], [typeSeat], [status], [row], [column], [floorFloorId]) VALUES (271, N'23', N'asiento', 1, 6, 3, 7);
INSERT INTO [seat] ([seatId], [name], [typeSeat], [status], [row], [column], [floorFloorId]) VALUES (272, N'24', N'asiento', 1, 6, 4, 7);
INSERT INTO [seat] ([seatId], [name], [typeSeat], [status], [row], [column], [floorFloorId]) VALUES (273, N'25', N'asiento', 1, 7, 1, 7);
INSERT INTO [seat] ([seatId], [name], [typeSeat], [status], [row], [column], [floorFloorId]) VALUES (274, N'26', N'asiento', 1, 7, 2, 7);
INSERT INTO [seat] ([seatId], [name], [typeSeat], [status], [row], [column], [floorFloorId]) VALUES (275, N'27', N'asiento', 1, 7, 3, 7);
INSERT INTO [seat] ([seatId], [name], [typeSeat], [status], [row], [column], [floorFloorId]) VALUES (276, N'28', N'asiento', 1, 7, 4, 7);
INSERT INTO [seat] ([seatId], [name], [typeSeat], [status], [row], [column], [floorFloorId]) VALUES (277, N'29', N'asiento', 1, 8, 1, 7);
INSERT INTO [seat] ([seatId], [name], [typeSeat], [status], [row], [column], [floorFloorId]) VALUES (278, N'30', N'asiento', 1, 8, 2, 7);
INSERT INTO [seat] ([seatId], [name], [typeSeat], [status], [row], [column], [floorFloorId]) VALUES (279, N'31', N'asiento', 1, 8, 3, 7);
INSERT INTO [seat] ([seatId], [name], [typeSeat], [status], [row], [column], [floorFloorId]) VALUES (280, N'32', N'asiento', 1, 8, 4, 7);
INSERT INTO [seat] ([seatId], [name], [typeSeat], [status], [row], [column], [floorFloorId]) VALUES (281, N'33', N'asiento', 1, 9, 1, 7);
INSERT INTO [seat] ([seatId], [name], [typeSeat], [status], [row], [column], [floorFloorId]) VALUES (282, N'34', N'asiento', 1, 9, 2, 7);
INSERT INTO [seat] ([seatId], [name], [typeSeat], [status], [row], [column], [floorFloorId]) VALUES (283, N'35', N'asiento', 1, 9, 3, 7);
INSERT INTO [seat] ([seatId], [name], [typeSeat], [status], [row], [column], [floorFloorId]) VALUES (284, N'36', N'asiento', 1, 9, 4, 7);
INSERT INTO [seat] ([seatId], [name], [typeSeat], [status], [row], [column], [floorFloorId]) VALUES (285, N'37', N'asiento', 1, 10, 1, 7);
INSERT INTO [seat] ([seatId], [name], [typeSeat], [status], [row], [column], [floorFloorId]) VALUES (286, N'38', N'asiento', 1, 10, 2, 7);
INSERT INTO [seat] ([seatId], [name], [typeSeat], [status], [row], [column], [floorFloorId]) VALUES (287, N'39', N'asiento', 1, 10, 3, 7);
INSERT INTO [seat] ([seatId], [name], [typeSeat], [status], [row], [column], [floorFloorId]) VALUES (288, N'40', N'asiento', 1, 10, 4, 7);
INSERT INTO [seat] ([seatId], [name], [typeSeat], [status], [row], [column], [floorFloorId]) VALUES (289, N'41', N'asiento', 1, 11, 1, 7);
INSERT INTO [seat] ([seatId], [name], [typeSeat], [status], [row], [column], [floorFloorId]) VALUES (290, N'42', N'asiento', 1, 11, 2, 7);
INSERT INTO [seat] ([seatId], [name], [typeSeat], [status], [row], [column], [floorFloorId]) VALUES (291, N'43', N'asiento', 1, 11, 3, 7);
INSERT INTO [seat] ([seatId], [name], [typeSeat], [status], [row], [column], [floorFloorId]) VALUES (292, N'44', N'asiento', 1, 11, 4, 7);
INSERT INTO [seat] ([seatId], [name], [typeSeat], [status], [row], [column], [floorFloorId]) VALUES (293, N'45', N'asiento', 1, 12, 1, 7);
INSERT INTO [seat] ([seatId], [name], [typeSeat], [status], [row], [column], [floorFloorId]) VALUES (294, N'46', N'asiento', 1, 12, 2, 7);
INSERT INTO [seat] ([seatId], [name], [typeSeat], [status], [row], [column], [floorFloorId]) VALUES (295, N'47', N'asiento', 1, 12, 3, 7);
INSERT INTO [seat] ([seatId], [name], [typeSeat], [status], [row], [column], [floorFloorId]) VALUES (296, N'48', N'asiento', 1, 12, 4, 7);
INSERT INTO [seat] ([seatId], [name], [typeSeat], [status], [row], [column], [floorFloorId]) VALUES (297, N'49', N'asiento', 1, 13, 1, 7);
INSERT INTO [seat] ([seatId], [name], [typeSeat], [status], [row], [column], [floorFloorId]) VALUES (298, N'50', N'asiento', 1, 13, 2, 7);
INSERT INTO [seat] ([seatId], [name], [typeSeat], [status], [row], [column], [floorFloorId]) VALUES (299, N'51', N'asiento', 1, 13, 3, 7);
INSERT INTO [seat] ([seatId], [name], [typeSeat], [status], [row], [column], [floorFloorId]) VALUES (300, N'52', N'asiento', 1, 13, 4, 7);
INSERT INTO [seat] ([seatId], [name], [typeSeat], [status], [row], [column], [floorFloorId]) VALUES (301, N'53', N'asiento', 1, 14, 1, 7);
INSERT INTO [seat] ([seatId], [name], [typeSeat], [status], [row], [column], [floorFloorId]) VALUES (302, N'54', N'asiento', 1, 14, 2, 7);
INSERT INTO [seat] ([seatId], [name], [typeSeat], [status], [row], [column], [floorFloorId]) VALUES (303, N'55', N'asiento', 1, 14, 3, 7);
INSERT INTO [seat] ([seatId], [name], [typeSeat], [status], [row], [column], [floorFloorId]) VALUES (304, N'56', N'asiento', 1, 14, 4, 7);
SET IDENTITY_INSERT [seat] OFF;
GO

PRINT 'Insertando tabla [agency_services]...';
SET IDENTITY_INSERT [agency_services] ON;
INSERT INTO [agency_services] ([agencyServiceId], [icon], [name], [agencyAgencyId]) VALUES (1, N'chair', N'Sala de Espera VIP', 1);
INSERT INTO [agency_services] ([agencyServiceId], [icon], [name], [agencyAgencyId]) VALUES (2, N'wifi', N'Wi-Fi Gratis', 1);
INSERT INTO [agency_services] ([agencyServiceId], [icon], [name], [agencyAgencyId]) VALUES (3, N'confirmation_number', N'Venta de Pasajes', 1);
INSERT INTO [agency_services] ([agencyServiceId], [icon], [name], [agencyAgencyId]) VALUES (4, N'local_cafe', N'Cafetería', 2);
INSERT INTO [agency_services] ([agencyServiceId], [icon], [name], [agencyAgencyId]) VALUES (5, N'luggage', N'Custodia de Equipaje', 2);
INSERT INTO [agency_services] ([agencyServiceId], [icon], [name], [agencyAgencyId]) VALUES (6, N'local_shipping', N'Servicio de Encomiendas', 2);
INSERT INTO [agency_services] ([agencyServiceId], [icon], [name], [agencyAgencyId]) VALUES (7, N'chair', N'Sala de Espera VIP', 2);
INSERT INTO [agency_services] ([agencyServiceId], [icon], [name], [agencyAgencyId]) VALUES (8, N'confirmation_number', N'Venta de Pasajes', 2);
INSERT INTO [agency_services] ([agencyServiceId], [icon], [name], [agencyAgencyId]) VALUES (9, N'chair', N'Sala de Espera VIP', 3);
INSERT INTO [agency_services] ([agencyServiceId], [icon], [name], [agencyAgencyId]) VALUES (10, N'local_shipping', N'Servicio de Encomiendas', 3);
INSERT INTO [agency_services] ([agencyServiceId], [icon], [name], [agencyAgencyId]) VALUES (11, N'luggage', N'Custodia de Equipaje', 3);
INSERT INTO [agency_services] ([agencyServiceId], [icon], [name], [agencyAgencyId]) VALUES (12, N'confirmation_number', N'Venta de Pasajes', 3);
INSERT INTO [agency_services] ([agencyServiceId], [icon], [name], [agencyAgencyId]) VALUES (13, N'ac_unit', N'Aire Acondicionado', 3);
INSERT INTO [agency_services] ([agencyServiceId], [icon], [name], [agencyAgencyId]) VALUES (14, N'local_cafe', N'Cafetería', 4);
INSERT INTO [agency_services] ([agencyServiceId], [icon], [name], [agencyAgencyId]) VALUES (15, N'confirmation_number', N'Venta de Pasajes', 4);
INSERT INTO [agency_services] ([agencyServiceId], [icon], [name], [agencyAgencyId]) VALUES (16, N'ac_unit', N'Aire Acondicionado', 4);
INSERT INTO [agency_services] ([agencyServiceId], [icon], [name], [agencyAgencyId]) VALUES (17, N'local_shipping', N'Servicio de Encomiendas', 4);
INSERT INTO [agency_services] ([agencyServiceId], [icon], [name], [agencyAgencyId]) VALUES (18, N'local_cafe', N'Cafetería', 5);
INSERT INTO [agency_services] ([agencyServiceId], [icon], [name], [agencyAgencyId]) VALUES (19, N'ac_unit', N'Aire Acondicionado', 5);
INSERT INTO [agency_services] ([agencyServiceId], [icon], [name], [agencyAgencyId]) VALUES (20, N'luggage', N'Custodia de Equipaje', 5);
INSERT INTO [agency_services] ([agencyServiceId], [icon], [name], [agencyAgencyId]) VALUES (21, N'confirmation_number', N'Venta de Pasajes', 5);
INSERT INTO [agency_services] ([agencyServiceId], [icon], [name], [agencyAgencyId]) VALUES (22, N'wifi', N'Wi-Fi Gratis', 5);
INSERT INTO [agency_services] ([agencyServiceId], [icon], [name], [agencyAgencyId]) VALUES (23, N'luggage', N'Custodia de Equipaje', 6);
INSERT INTO [agency_services] ([agencyServiceId], [icon], [name], [agencyAgencyId]) VALUES (24, N'local_shipping', N'Servicio de Encomiendas', 6);
INSERT INTO [agency_services] ([agencyServiceId], [icon], [name], [agencyAgencyId]) VALUES (25, N'wifi', N'Wi-Fi Gratis', 6);
INSERT INTO [agency_services] ([agencyServiceId], [icon], [name], [agencyAgencyId]) VALUES (26, N'ac_unit', N'Aire Acondicionado', 7);
INSERT INTO [agency_services] ([agencyServiceId], [icon], [name], [agencyAgencyId]) VALUES (27, N'chair', N'Sala de Espera VIP', 7);
INSERT INTO [agency_services] ([agencyServiceId], [icon], [name], [agencyAgencyId]) VALUES (28, N'local_shipping', N'Servicio de Encomiendas', 7);
SET IDENTITY_INSERT [agency_services] OFF;
GO

PRINT 'Insertando tabla [user_agency]...';
SET IDENTITY_INSERT [user_agency] ON;
INSERT INTO [user_agency] ([userAgencyId], [createdAt], [status], [userUserId], [agencyAgencyId]) VALUES (1, '2026-06-15 19:14:51', 1, 58, 1);
INSERT INTO [user_agency] ([userAgencyId], [createdAt], [status], [userUserId], [agencyAgencyId]) VALUES (2, '2026-06-15 19:14:51', 1, 57, 2);
INSERT INTO [user_agency] ([userAgencyId], [createdAt], [status], [userUserId], [agencyAgencyId]) VALUES (3, '2026-06-15 19:14:51', 1, 51, 3);
INSERT INTO [user_agency] ([userAgencyId], [createdAt], [status], [userUserId], [agencyAgencyId]) VALUES (4, '2026-06-15 19:14:51', 1, 54, 4);
INSERT INTO [user_agency] ([userAgencyId], [createdAt], [status], [userUserId], [agencyAgencyId]) VALUES (5, '2026-06-15 19:14:51', 1, 59, 5);
INSERT INTO [user_agency] ([userAgencyId], [createdAt], [status], [userUserId], [agencyAgencyId]) VALUES (6, '2026-06-15 19:14:51', 1, 60, 6);
INSERT INTO [user_agency] ([userAgencyId], [createdAt], [status], [userUserId], [agencyAgencyId]) VALUES (7, '2026-06-15 19:14:51', 1, 59, 7);
SET IDENTITY_INSERT [user_agency] OFF;
GO

PRINT 'Insertando tabla [reserver]...';
SET IDENTITY_INSERT [reserver] ON;
INSERT INTO [reserver] ([reserverId], [date], [registerAt], [status], [registerUserUserId], [checkInDestinationId], [checkOutDestinationId], [busBusId], [driverUserId], [checkOutHour]) VALUES (1, '2026-07-02 11:30:00', '2026-06-25 11:30:00', N'CANCELLED', 26, 6, 5, 2, 66, N'16:30:00');
INSERT INTO [reserver] ([reserverId], [date], [registerAt], [status], [registerUserUserId], [checkInDestinationId], [checkOutDestinationId], [busBusId], [driverUserId], [checkOutHour]) VALUES (2, '2026-07-08 15:45:00', '2026-07-05 15:45:00', N'CONFIRMED', 48, 1, 5, 4, 69, N'20:45:00');
INSERT INTO [reserver] ([reserverId], [date], [registerAt], [status], [registerUserUserId], [checkInDestinationId], [checkOutDestinationId], [busBusId], [driverUserId], [checkOutHour]) VALUES (3, '2026-07-12 17:45:00', '2026-07-11 17:45:00', N'PENDING', 39, 5, 2, 5, 61, N'02:45:00');
INSERT INTO [reserver] ([reserverId], [date], [registerAt], [status], [registerUserUserId], [checkInDestinationId], [checkOutDestinationId], [busBusId], [driverUserId], [checkOutHour]) VALUES (4, '2026-05-22 06:30:00', '2026-05-18 06:30:00', N'PENDING', 18, 3, 6, 2, 64, N'14:30:00');
INSERT INTO [reserver] ([reserverId], [date], [registerAt], [status], [registerUserUserId], [checkInDestinationId], [checkOutDestinationId], [busBusId], [driverUserId], [checkOutHour]) VALUES (5, '2026-07-05 06:45:00', '2026-07-04 06:45:00', N'COMPLETED', 40, 5, 3, 4, 67, N'10:45:00');
INSERT INTO [reserver] ([reserverId], [date], [registerAt], [status], [registerUserUserId], [checkInDestinationId], [checkOutDestinationId], [busBusId], [driverUserId], [checkOutHour]) VALUES (6, '2026-07-01 13:30:00', '2026-06-27 13:30:00', N'COMPLETED', 46, 7, 1, 2, 61, N'19:30:00');
INSERT INTO [reserver] ([reserverId], [date], [registerAt], [status], [registerUserUserId], [checkInDestinationId], [checkOutDestinationId], [busBusId], [driverUserId], [checkOutHour]) VALUES (7, '2026-06-01 06:00:00', '2026-05-28 06:00:00', N'CONFIRMED', 13, 2, 7, 5, 62, N'13:00:00');
INSERT INTO [reserver] ([reserverId], [date], [registerAt], [status], [registerUserUserId], [checkInDestinationId], [checkOutDestinationId], [busBusId], [driverUserId], [checkOutHour]) VALUES (8, '2026-07-09 13:00:00', '2026-07-07 13:00:00', N'COMPLETED', 16, 7, 6, 5, 63, N'22:00:00');
INSERT INTO [reserver] ([reserverId], [date], [registerAt], [status], [registerUserUserId], [checkInDestinationId], [checkOutDestinationId], [busBusId], [driverUserId], [checkOutHour]) VALUES (9, '2026-06-11 17:15:00', '2026-06-07 17:15:00', N'CANCELLED', 35, 2, 6, 2, 62, N'01:15:00');
INSERT INTO [reserver] ([reserverId], [date], [registerAt], [status], [registerUserUserId], [checkInDestinationId], [checkOutDestinationId], [busBusId], [driverUserId], [checkOutHour]) VALUES (10, '2026-05-26 22:45:00', '2026-05-23 22:45:00', N'PENDING', 32, 7, 1, 5, 61, N'03:45:00');
INSERT INTO [reserver] ([reserverId], [date], [registerAt], [status], [registerUserUserId], [checkInDestinationId], [checkOutDestinationId], [busBusId], [driverUserId], [checkOutHour]) VALUES (11, '2026-06-12 22:15:00', '2026-06-11 22:15:00', N'COMPLETED', 16, 3, 4, 4, 63, N'04:15:00');
INSERT INTO [reserver] ([reserverId], [date], [registerAt], [status], [registerUserUserId], [checkInDestinationId], [checkOutDestinationId], [busBusId], [driverUserId], [checkOutHour]) VALUES (12, '2026-07-02 07:00:00', '2026-06-27 07:00:00', N'COMPLETED', 27, 1, 5, 4, 69, N'13:00:00');
INSERT INTO [reserver] ([reserverId], [date], [registerAt], [status], [registerUserUserId], [checkInDestinationId], [checkOutDestinationId], [busBusId], [driverUserId], [checkOutHour]) VALUES (13, '2026-06-07 06:15:00', '2026-06-04 06:15:00', N'PENDING', 9, 5, 4, 5, 63, N'15:15:00');
INSERT INTO [reserver] ([reserverId], [date], [registerAt], [status], [registerUserUserId], [checkInDestinationId], [checkOutDestinationId], [busBusId], [driverUserId], [checkOutHour]) VALUES (14, '2026-06-12 06:00:00', '2026-06-09 06:00:00', N'COMPLETED', 28, 6, 1, 4, 65, N'11:00:00');
INSERT INTO [reserver] ([reserverId], [date], [registerAt], [status], [registerUserUserId], [checkInDestinationId], [checkOutDestinationId], [busBusId], [driverUserId], [checkOutHour]) VALUES (15, '2026-07-10 17:45:00', '2026-07-07 17:45:00', N'COMPLETED', 42, 1, 6, 6, 68, N'02:45:00');
INSERT INTO [reserver] ([reserverId], [date], [registerAt], [status], [registerUserUserId], [checkInDestinationId], [checkOutDestinationId], [busBusId], [driverUserId], [checkOutHour]) VALUES (16, '2026-06-10 12:15:00', '2026-06-03 12:15:00', N'COMPLETED', 34, 4, 7, 2, 62, N'16:15:00');
INSERT INTO [reserver] ([reserverId], [date], [registerAt], [status], [registerUserUserId], [checkInDestinationId], [checkOutDestinationId], [busBusId], [driverUserId], [checkOutHour]) VALUES (17, '2026-05-20 16:00:00', '2026-05-16 16:00:00', N'PENDING', 25, 7, 6, 1, 69, N'00:00:00');
INSERT INTO [reserver] ([reserverId], [date], [registerAt], [status], [registerUserUserId], [checkInDestinationId], [checkOutDestinationId], [busBusId], [driverUserId], [checkOutHour]) VALUES (18, '2026-05-24 17:15:00', '2026-05-22 17:15:00', N'PENDING', 48, 6, 4, 5, 70, N'23:15:00');
INSERT INTO [reserver] ([reserverId], [date], [registerAt], [status], [registerUserUserId], [checkInDestinationId], [checkOutDestinationId], [busBusId], [driverUserId], [checkOutHour]) VALUES (19, '2026-05-29 14:00:00', '2026-05-26 14:00:00', N'CANCELLED', 50, 3, 5, 2, 63, N'21:00:00');
INSERT INTO [reserver] ([reserverId], [date], [registerAt], [status], [registerUserUserId], [checkInDestinationId], [checkOutDestinationId], [busBusId], [driverUserId], [checkOutHour]) VALUES (20, '2026-06-09 19:15:00', '2026-06-05 19:15:00', N'PENDING', 24, 6, 5, 1, 65, N'01:15:00');
INSERT INTO [reserver] ([reserverId], [date], [registerAt], [status], [registerUserUserId], [checkInDestinationId], [checkOutDestinationId], [busBusId], [driverUserId], [checkOutHour]) VALUES (21, '2026-06-29 19:00:00', '2026-06-23 19:00:00', N'CANCELLED', 40, 4, 7, 6, 67, N'04:00:00');
INSERT INTO [reserver] ([reserverId], [date], [registerAt], [status], [registerUserUserId], [checkInDestinationId], [checkOutDestinationId], [busBusId], [driverUserId], [checkOutHour]) VALUES (22, '2026-07-02 21:00:00', '2026-06-25 21:00:00', N'PENDING', 17, 1, 4, 1, 69, N'06:00:00');
INSERT INTO [reserver] ([reserverId], [date], [registerAt], [status], [registerUserUserId], [checkInDestinationId], [checkOutDestinationId], [busBusId], [driverUserId], [checkOutHour]) VALUES (23, '2026-05-17 13:00:00', '2026-05-13 13:00:00', N'PENDING', 46, 4, 1, 2, 69, N'21:00:00');
INSERT INTO [reserver] ([reserverId], [date], [registerAt], [status], [registerUserUserId], [checkInDestinationId], [checkOutDestinationId], [busBusId], [driverUserId], [checkOutHour]) VALUES (24, '2026-07-05 13:30:00', '2026-07-02 13:30:00', N'PENDING', 35, 6, 7, 2, 68, N'19:30:00');
INSERT INTO [reserver] ([reserverId], [date], [registerAt], [status], [registerUserUserId], [checkInDestinationId], [checkOutDestinationId], [busBusId], [driverUserId], [checkOutHour]) VALUES (25, '2026-07-08 13:45:00', '2026-07-07 13:45:00', N'COMPLETED', 46, 5, 7, 5, 62, N'18:45:00');
INSERT INTO [reserver] ([reserverId], [date], [registerAt], [status], [registerUserUserId], [checkInDestinationId], [checkOutDestinationId], [busBusId], [driverUserId], [checkOutHour]) VALUES (26, '2026-05-20 21:30:00', '2026-05-15 21:30:00', N'CANCELLED', 31, 1, 2, 5, 64, N'05:30:00');
INSERT INTO [reserver] ([reserverId], [date], [registerAt], [status], [registerUserUserId], [checkInDestinationId], [checkOutDestinationId], [busBusId], [driverUserId], [checkOutHour]) VALUES (27, '2026-07-10 09:00:00', '2026-07-09 09:00:00', N'PENDING', 12, 2, 7, 4, 70, N'13:00:00');
INSERT INTO [reserver] ([reserverId], [date], [registerAt], [status], [registerUserUserId], [checkInDestinationId], [checkOutDestinationId], [busBusId], [driverUserId], [checkOutHour]) VALUES (28, '2026-06-20 11:30:00', '2026-06-16 11:30:00', N'CONFIRMED', 47, 4, 5, 2, 62, N'19:30:00');
INSERT INTO [reserver] ([reserverId], [date], [registerAt], [status], [registerUserUserId], [checkInDestinationId], [checkOutDestinationId], [busBusId], [driverUserId], [checkOutHour]) VALUES (29, '2026-06-17 21:00:00', '2026-06-10 21:00:00', N'PENDING', 40, 2, 1, 5, 70, N'05:00:00');
INSERT INTO [reserver] ([reserverId], [date], [registerAt], [status], [registerUserUserId], [checkInDestinationId], [checkOutDestinationId], [busBusId], [driverUserId], [checkOutHour]) VALUES (30, '2026-06-13 07:30:00', '2026-06-11 07:30:00', N'CONFIRMED', 39, 6, 2, 5, 62, N'16:30:00');
INSERT INTO [reserver] ([reserverId], [date], [registerAt], [status], [registerUserUserId], [checkInDestinationId], [checkOutDestinationId], [busBusId], [driverUserId], [checkOutHour]) VALUES (31, '2026-07-06 15:30:00', '2026-07-05 15:30:00', N'CONFIRMED', 23, 7, 1, 6, 66, N'19:30:00');
INSERT INTO [reserver] ([reserverId], [date], [registerAt], [status], [registerUserUserId], [checkInDestinationId], [checkOutDestinationId], [busBusId], [driverUserId], [checkOutHour]) VALUES (32, '2026-05-20 13:00:00', '2026-05-14 13:00:00', N'CANCELLED', 14, 3, 6, 1, 67, N'21:00:00');
INSERT INTO [reserver] ([reserverId], [date], [registerAt], [status], [registerUserUserId], [checkInDestinationId], [checkOutDestinationId], [busBusId], [driverUserId], [checkOutHour]) VALUES (33, '2026-07-02 19:00:00', '2026-06-26 19:00:00', N'PENDING', 2, 2, 6, 4, 66, N'00:00:00');
INSERT INTO [reserver] ([reserverId], [date], [registerAt], [status], [registerUserUserId], [checkInDestinationId], [checkOutDestinationId], [busBusId], [driverUserId], [checkOutHour]) VALUES (34, '2026-05-28 13:15:00', '2026-05-21 13:15:00', N'CONFIRMED', 31, 2, 6, 6, 70, N'19:15:00');
INSERT INTO [reserver] ([reserverId], [date], [registerAt], [status], [registerUserUserId], [checkInDestinationId], [checkOutDestinationId], [busBusId], [driverUserId], [checkOutHour]) VALUES (35, '2026-07-09 09:30:00', '2026-07-08 09:30:00', N'COMPLETED', 24, 4, 5, 6, 66, N'13:30:00');
INSERT INTO [reserver] ([reserverId], [date], [registerAt], [status], [registerUserUserId], [checkInDestinationId], [checkOutDestinationId], [busBusId], [driverUserId], [checkOutHour]) VALUES (36, '2026-06-15 15:30:00', '2026-06-08 15:30:00', N'CONFIRMED', 36, 5, 6, 2, 69, N'20:30:00');
INSERT INTO [reserver] ([reserverId], [date], [registerAt], [status], [registerUserUserId], [checkInDestinationId], [checkOutDestinationId], [busBusId], [driverUserId], [checkOutHour]) VALUES (37, '2026-05-30 07:45:00', '2026-05-24 07:45:00', N'CANCELLED', 46, 7, 6, 1, 63, N'15:45:00');
INSERT INTO [reserver] ([reserverId], [date], [registerAt], [status], [registerUserUserId], [checkInDestinationId], [checkOutDestinationId], [busBusId], [driverUserId], [checkOutHour]) VALUES (38, '2026-07-04 18:45:00', '2026-06-29 18:45:00', N'PENDING', 18, 4, 6, 5, 67, N'00:45:00');
INSERT INTO [reserver] ([reserverId], [date], [registerAt], [status], [registerUserUserId], [checkInDestinationId], [checkOutDestinationId], [busBusId], [driverUserId], [checkOutHour]) VALUES (39, '2026-05-16 20:00:00', '2026-05-11 20:00:00', N'PENDING', 27, 6, 1, 1, 63, N'01:00:00');
INSERT INTO [reserver] ([reserverId], [date], [registerAt], [status], [registerUserUserId], [checkInDestinationId], [checkOutDestinationId], [busBusId], [driverUserId], [checkOutHour]) VALUES (40, '2026-06-11 19:45:00', '2026-06-10 19:45:00', N'COMPLETED', 10, 1, 6, 5, 61, N'04:45:00');
INSERT INTO [reserver] ([reserverId], [date], [registerAt], [status], [registerUserUserId], [checkInDestinationId], [checkOutDestinationId], [busBusId], [driverUserId], [checkOutHour]) VALUES (41, '2026-05-27 22:00:00', '2026-05-20 22:00:00', N'COMPLETED', 10, 1, 5, 6, 66, N'05:00:00');
INSERT INTO [reserver] ([reserverId], [date], [registerAt], [status], [registerUserUserId], [checkInDestinationId], [checkOutDestinationId], [busBusId], [driverUserId], [checkOutHour]) VALUES (42, '2026-06-12 09:00:00', '2026-06-08 09:00:00', N'COMPLETED', 50, 5, 6, 5, 69, N'18:00:00');
INSERT INTO [reserver] ([reserverId], [date], [registerAt], [status], [registerUserUserId], [checkInDestinationId], [checkOutDestinationId], [busBusId], [driverUserId], [checkOutHour]) VALUES (43, '2026-06-19 14:45:00', '2026-06-18 14:45:00', N'COMPLETED', 41, 6, 4, 4, 63, N'20:45:00');
INSERT INTO [reserver] ([reserverId], [date], [registerAt], [status], [registerUserUserId], [checkInDestinationId], [checkOutDestinationId], [busBusId], [driverUserId], [checkOutHour]) VALUES (44, '2026-05-29 09:30:00', '2026-05-26 09:30:00', N'CONFIRMED', 10, 7, 3, 5, 62, N'17:30:00');
INSERT INTO [reserver] ([reserverId], [date], [registerAt], [status], [registerUserUserId], [checkInDestinationId], [checkOutDestinationId], [busBusId], [driverUserId], [checkOutHour]) VALUES (45, '2026-06-18 21:45:00', '2026-06-16 21:45:00', N'CONFIRMED', 37, 2, 5, 3, 66, N'02:45:00');
INSERT INTO [reserver] ([reserverId], [date], [registerAt], [status], [registerUserUserId], [checkInDestinationId], [checkOutDestinationId], [busBusId], [driverUserId], [checkOutHour]) VALUES (46, '2026-07-04 18:00:00', '2026-06-30 18:00:00', N'CONFIRMED', 11, 7, 2, 3, 62, N'01:00:00');
INSERT INTO [reserver] ([reserverId], [date], [registerAt], [status], [registerUserUserId], [checkInDestinationId], [checkOutDestinationId], [busBusId], [driverUserId], [checkOutHour]) VALUES (47, '2026-07-02 18:15:00', '2026-06-28 18:15:00', N'CONFIRMED', 21, 1, 7, 6, 61, N'03:15:00');
INSERT INTO [reserver] ([reserverId], [date], [registerAt], [status], [registerUserUserId], [checkInDestinationId], [checkOutDestinationId], [busBusId], [driverUserId], [checkOutHour]) VALUES (48, '2026-06-19 21:00:00', '2026-06-17 21:00:00', N'CANCELLED', 15, 6, 2, 2, 64, N'05:00:00');
INSERT INTO [reserver] ([reserverId], [date], [registerAt], [status], [registerUserUserId], [checkInDestinationId], [checkOutDestinationId], [busBusId], [driverUserId], [checkOutHour]) VALUES (49, '2026-06-05 18:00:00', '2026-05-31 18:00:00', N'PENDING', 40, 4, 3, 5, 66, N'22:00:00');
INSERT INTO [reserver] ([reserverId], [date], [registerAt], [status], [registerUserUserId], [checkInDestinationId], [checkOutDestinationId], [busBusId], [driverUserId], [checkOutHour]) VALUES (50, '2026-06-21 17:30:00', '2026-06-15 17:30:00', N'COMPLETED', 35, 2, 1, 3, 62, N'22:30:00');
INSERT INTO [reserver] ([reserverId], [date], [registerAt], [status], [registerUserUserId], [checkInDestinationId], [checkOutDestinationId], [busBusId], [driverUserId], [checkOutHour]) VALUES (51, '2026-06-27 16:45:00', '2026-06-21 16:45:00', N'CONFIRMED', 44, 1, 6, 1, 70, N'21:45:00');
INSERT INTO [reserver] ([reserverId], [date], [registerAt], [status], [registerUserUserId], [checkInDestinationId], [checkOutDestinationId], [busBusId], [driverUserId], [checkOutHour]) VALUES (52, '2026-06-03 17:45:00', '2026-05-28 17:45:00', N'CANCELLED', 49, 7, 2, 6, 66, N'21:45:00');
INSERT INTO [reserver] ([reserverId], [date], [registerAt], [status], [registerUserUserId], [checkInDestinationId], [checkOutDestinationId], [busBusId], [driverUserId], [checkOutHour]) VALUES (53, '2026-06-10 07:15:00', '2026-06-08 07:15:00', N'CONFIRMED', 49, 3, 7, 5, 61, N'14:15:00');
INSERT INTO [reserver] ([reserverId], [date], [registerAt], [status], [registerUserUserId], [checkInDestinationId], [checkOutDestinationId], [busBusId], [driverUserId], [checkOutHour]) VALUES (54, '2026-07-01 21:00:00', '2026-06-30 21:00:00', N'PENDING', 11, 3, 7, 5, 64, N'01:00:00');
INSERT INTO [reserver] ([reserverId], [date], [registerAt], [status], [registerUserUserId], [checkInDestinationId], [checkOutDestinationId], [busBusId], [driverUserId], [checkOutHour]) VALUES (55, '2026-05-22 20:45:00', '2026-05-21 20:45:00', N'CONFIRMED', 50, 5, 3, 3, 68, N'01:45:00');
INSERT INTO [reserver] ([reserverId], [date], [registerAt], [status], [registerUserUserId], [checkInDestinationId], [checkOutDestinationId], [busBusId], [driverUserId], [checkOutHour]) VALUES (56, '2026-07-09 06:30:00', '2026-07-04 06:30:00', N'CONFIRMED', 31, 4, 3, 5, 63, N'15:30:00');
INSERT INTO [reserver] ([reserverId], [date], [registerAt], [status], [registerUserUserId], [checkInDestinationId], [checkOutDestinationId], [busBusId], [driverUserId], [checkOutHour]) VALUES (57, '2026-07-12 22:00:00', '2026-07-11 22:00:00', N'CANCELLED', 27, 6, 7, 6, 69, N'05:00:00');
INSERT INTO [reserver] ([reserverId], [date], [registerAt], [status], [registerUserUserId], [checkInDestinationId], [checkOutDestinationId], [busBusId], [driverUserId], [checkOutHour]) VALUES (58, '2026-05-29 20:30:00', '2026-05-24 20:30:00', N'COMPLETED', 11, 3, 1, 6, 69, N'04:30:00');
INSERT INTO [reserver] ([reserverId], [date], [registerAt], [status], [registerUserUserId], [checkInDestinationId], [checkOutDestinationId], [busBusId], [driverUserId], [checkOutHour]) VALUES (59, '2026-05-25 19:30:00', '2026-05-23 19:30:00', N'PENDING', 30, 6, 5, 6, 66, N'23:30:00');
INSERT INTO [reserver] ([reserverId], [date], [registerAt], [status], [registerUserUserId], [checkInDestinationId], [checkOutDestinationId], [busBusId], [driverUserId], [checkOutHour]) VALUES (60, '2026-07-03 11:15:00', '2026-06-30 11:15:00', N'COMPLETED', 15, 2, 4, 4, 69, N'20:15:00');
INSERT INTO [reserver] ([reserverId], [date], [registerAt], [status], [registerUserUserId], [checkInDestinationId], [checkOutDestinationId], [busBusId], [driverUserId], [checkOutHour]) VALUES (61, '2026-06-26 15:30:00', '2026-06-24 15:30:00', N'CANCELLED', 43, 1, 3, 1, 64, N'22:30:00');
INSERT INTO [reserver] ([reserverId], [date], [registerAt], [status], [registerUserUserId], [checkInDestinationId], [checkOutDestinationId], [busBusId], [driverUserId], [checkOutHour]) VALUES (62, '2026-06-11 22:30:00', '2026-06-06 22:30:00', N'PENDING', 24, 3, 5, 3, 70, N'07:30:00');
INSERT INTO [reserver] ([reserverId], [date], [registerAt], [status], [registerUserUserId], [checkInDestinationId], [checkOutDestinationId], [busBusId], [driverUserId], [checkOutHour]) VALUES (63, '2026-06-10 18:30:00', '2026-06-06 18:30:00', N'CONFIRMED', 11, 4, 7, 6, 64, N'22:30:00');
INSERT INTO [reserver] ([reserverId], [date], [registerAt], [status], [registerUserUserId], [checkInDestinationId], [checkOutDestinationId], [busBusId], [driverUserId], [checkOutHour]) VALUES (64, '2026-05-29 21:45:00', '2026-05-26 21:45:00', N'COMPLETED', 48, 6, 1, 3, 65, N'01:45:00');
INSERT INTO [reserver] ([reserverId], [date], [registerAt], [status], [registerUserUserId], [checkInDestinationId], [checkOutDestinationId], [busBusId], [driverUserId], [checkOutHour]) VALUES (65, '2026-06-21 08:15:00', '2026-06-19 08:15:00', N'PENDING', 12, 1, 3, 2, 67, N'13:15:00');
INSERT INTO [reserver] ([reserverId], [date], [registerAt], [status], [registerUserUserId], [checkInDestinationId], [checkOutDestinationId], [busBusId], [driverUserId], [checkOutHour]) VALUES (66, '2026-06-05 13:00:00', '2026-05-30 13:00:00', N'COMPLETED', 8, 1, 6, 2, 64, N'18:00:00');
INSERT INTO [reserver] ([reserverId], [date], [registerAt], [status], [registerUserUserId], [checkInDestinationId], [checkOutDestinationId], [busBusId], [driverUserId], [checkOutHour]) VALUES (67, '2026-05-23 17:00:00', '2026-05-21 17:00:00', N'COMPLETED', 44, 6, 1, 4, 62, N'22:00:00');
INSERT INTO [reserver] ([reserverId], [date], [registerAt], [status], [registerUserUserId], [checkInDestinationId], [checkOutDestinationId], [busBusId], [driverUserId], [checkOutHour]) VALUES (68, '2026-06-30 08:45:00', '2026-06-26 08:45:00', N'PENDING', 20, 4, 6, 2, 70, N'12:45:00');
INSERT INTO [reserver] ([reserverId], [date], [registerAt], [status], [registerUserUserId], [checkInDestinationId], [checkOutDestinationId], [busBusId], [driverUserId], [checkOutHour]) VALUES (69, '2026-07-03 16:15:00', '2026-06-28 16:15:00', N'CONFIRMED', 20, 6, 4, 2, 65, N'20:15:00');
INSERT INTO [reserver] ([reserverId], [date], [registerAt], [status], [registerUserUserId], [checkInDestinationId], [checkOutDestinationId], [busBusId], [driverUserId], [checkOutHour]) VALUES (70, '2026-06-25 06:00:00', '2026-06-21 06:00:00', N'CANCELLED', 30, 6, 7, 6, 68, N'13:00:00');
INSERT INTO [reserver] ([reserverId], [date], [registerAt], [status], [registerUserUserId], [checkInDestinationId], [checkOutDestinationId], [busBusId], [driverUserId], [checkOutHour]) VALUES (71, '2026-06-03 07:00:00', '2026-05-28 07:00:00', N'PENDING', 36, 1, 3, 4, 67, N'14:00:00');
INSERT INTO [reserver] ([reserverId], [date], [registerAt], [status], [registerUserUserId], [checkInDestinationId], [checkOutDestinationId], [busBusId], [driverUserId], [checkOutHour]) VALUES (72, '2026-05-31 14:00:00', '2026-05-24 14:00:00', N'CONFIRMED', 44, 3, 2, 4, 63, N'21:00:00');
INSERT INTO [reserver] ([reserverId], [date], [registerAt], [status], [registerUserUserId], [checkInDestinationId], [checkOutDestinationId], [busBusId], [driverUserId], [checkOutHour]) VALUES (73, '2026-05-18 12:45:00', '2026-05-11 12:45:00', N'PENDING', 47, 4, 6, 1, 63, N'17:45:00');
INSERT INTO [reserver] ([reserverId], [date], [registerAt], [status], [registerUserUserId], [checkInDestinationId], [checkOutDestinationId], [busBusId], [driverUserId], [checkOutHour]) VALUES (74, '2026-06-15 18:00:00', '2026-06-08 18:00:00', N'CANCELLED', 40, 2, 6, 1, 64, N'01:00:00');
INSERT INTO [reserver] ([reserverId], [date], [registerAt], [status], [registerUserUserId], [checkInDestinationId], [checkOutDestinationId], [busBusId], [driverUserId], [checkOutHour]) VALUES (75, '2026-06-23 20:45:00', '2026-06-19 20:45:00', N'PENDING', 41, 7, 4, 2, 67, N'01:45:00');
INSERT INTO [reserver] ([reserverId], [date], [registerAt], [status], [registerUserUserId], [checkInDestinationId], [checkOutDestinationId], [busBusId], [driverUserId], [checkOutHour]) VALUES (76, '2026-06-15 07:30:00', '2026-06-08 07:30:00', N'COMPLETED', 25, 4, 6, 4, 62, N'15:30:00');
INSERT INTO [reserver] ([reserverId], [date], [registerAt], [status], [registerUserUserId], [checkInDestinationId], [checkOutDestinationId], [busBusId], [driverUserId], [checkOutHour]) VALUES (77, '2026-05-17 18:45:00', '2026-05-13 18:45:00', N'CONFIRMED', 21, 1, 2, 2, 68, N'01:45:00');
INSERT INTO [reserver] ([reserverId], [date], [registerAt], [status], [registerUserUserId], [checkInDestinationId], [checkOutDestinationId], [busBusId], [driverUserId], [checkOutHour]) VALUES (78, '2026-05-19 10:45:00', '2026-05-18 10:45:00', N'CONFIRMED', 4, 7, 5, 2, 63, N'14:45:00');
INSERT INTO [reserver] ([reserverId], [date], [registerAt], [status], [registerUserUserId], [checkInDestinationId], [checkOutDestinationId], [busBusId], [driverUserId], [checkOutHour]) VALUES (79, '2026-06-27 18:15:00', '2026-06-21 18:15:00', N'PENDING', 25, 5, 2, 5, 62, N'00:15:00');
INSERT INTO [reserver] ([reserverId], [date], [registerAt], [status], [registerUserUserId], [checkInDestinationId], [checkOutDestinationId], [busBusId], [driverUserId], [checkOutHour]) VALUES (80, '2026-06-21 18:45:00', '2026-06-14 18:45:00', N'CONFIRMED', 25, 3, 7, 4, 68, N'02:45:00');
INSERT INTO [reserver] ([reserverId], [date], [registerAt], [status], [registerUserUserId], [checkInDestinationId], [checkOutDestinationId], [busBusId], [driverUserId], [checkOutHour]) VALUES (81, '2026-05-23 17:15:00', '2026-05-20 17:15:00', N'CONFIRMED', 10, 4, 6, 5, 65, N'00:15:00');
INSERT INTO [reserver] ([reserverId], [date], [registerAt], [status], [registerUserUserId], [checkInDestinationId], [checkOutDestinationId], [busBusId], [driverUserId], [checkOutHour]) VALUES (82, '2026-05-18 21:30:00', '2026-05-14 21:30:00', N'PENDING', 43, 7, 2, 2, 66, N'02:30:00');
INSERT INTO [reserver] ([reserverId], [date], [registerAt], [status], [registerUserUserId], [checkInDestinationId], [checkOutDestinationId], [busBusId], [driverUserId], [checkOutHour]) VALUES (83, '2026-06-30 11:45:00', '2026-06-28 11:45:00', N'PENDING', 25, 1, 3, 4, 65, N'17:45:00');
INSERT INTO [reserver] ([reserverId], [date], [registerAt], [status], [registerUserUserId], [checkInDestinationId], [checkOutDestinationId], [busBusId], [driverUserId], [checkOutHour]) VALUES (84, '2026-06-27 17:45:00', '2026-06-24 17:45:00', N'CANCELLED', 15, 6, 7, 5, 63, N'01:45:00');
INSERT INTO [reserver] ([reserverId], [date], [registerAt], [status], [registerUserUserId], [checkInDestinationId], [checkOutDestinationId], [busBusId], [driverUserId], [checkOutHour]) VALUES (85, '2026-07-06 09:45:00', '2026-07-05 09:45:00', N'COMPLETED', 23, 7, 4, 1, 66, N'14:45:00');
INSERT INTO [reserver] ([reserverId], [date], [registerAt], [status], [registerUserUserId], [checkInDestinationId], [checkOutDestinationId], [busBusId], [driverUserId], [checkOutHour]) VALUES (86, '2026-06-29 18:15:00', '2026-06-25 18:15:00', N'PENDING', 31, 3, 5, 1, 69, N'03:15:00');
INSERT INTO [reserver] ([reserverId], [date], [registerAt], [status], [registerUserUserId], [checkInDestinationId], [checkOutDestinationId], [busBusId], [driverUserId], [checkOutHour]) VALUES (87, '2026-05-17 06:30:00', '2026-05-12 06:30:00', N'PENDING', 34, 5, 2, 6, 70, N'15:30:00');
INSERT INTO [reserver] ([reserverId], [date], [registerAt], [status], [registerUserUserId], [checkInDestinationId], [checkOutDestinationId], [busBusId], [driverUserId], [checkOutHour]) VALUES (88, '2026-06-21 09:45:00', '2026-06-19 09:45:00', N'CANCELLED', 21, 3, 5, 4, 67, N'16:45:00');
INSERT INTO [reserver] ([reserverId], [date], [registerAt], [status], [registerUserUserId], [checkInDestinationId], [checkOutDestinationId], [busBusId], [driverUserId], [checkOutHour]) VALUES (89, '2026-07-07 06:00:00', '2026-06-30 06:00:00', N'COMPLETED', 44, 4, 2, 1, 61, N'13:00:00');
INSERT INTO [reserver] ([reserverId], [date], [registerAt], [status], [registerUserUserId], [checkInDestinationId], [checkOutDestinationId], [busBusId], [driverUserId], [checkOutHour]) VALUES (90, '2026-07-08 13:45:00', '2026-07-06 13:45:00', N'PENDING', 28, 4, 3, 4, 62, N'19:45:00');
INSERT INTO [reserver] ([reserverId], [date], [registerAt], [status], [registerUserUserId], [checkInDestinationId], [checkOutDestinationId], [busBusId], [driverUserId], [checkOutHour]) VALUES (91, '2026-07-08 13:15:00', '2026-07-04 13:15:00', N'COMPLETED', 4, 1, 2, 3, 68, N'18:15:00');
INSERT INTO [reserver] ([reserverId], [date], [registerAt], [status], [registerUserUserId], [checkInDestinationId], [checkOutDestinationId], [busBusId], [driverUserId], [checkOutHour]) VALUES (92, '2026-06-12 08:15:00', '2026-06-05 08:15:00', N'PENDING', 35, 2, 7, 3, 70, N'13:15:00');
INSERT INTO [reserver] ([reserverId], [date], [registerAt], [status], [registerUserUserId], [checkInDestinationId], [checkOutDestinationId], [busBusId], [driverUserId], [checkOutHour]) VALUES (93, '2026-05-16 15:00:00', '2026-05-13 15:00:00', N'CANCELLED', 39, 4, 1, 4, 65, N'21:00:00');
INSERT INTO [reserver] ([reserverId], [date], [registerAt], [status], [registerUserUserId], [checkInDestinationId], [checkOutDestinationId], [busBusId], [driverUserId], [checkOutHour]) VALUES (94, '2026-05-24 08:45:00', '2026-05-23 08:45:00', N'COMPLETED', 4, 1, 2, 3, 67, N'17:45:00');
INSERT INTO [reserver] ([reserverId], [date], [registerAt], [status], [registerUserUserId], [checkInDestinationId], [checkOutDestinationId], [busBusId], [driverUserId], [checkOutHour]) VALUES (95, '2026-07-15 15:30:00', '2026-07-12 15:30:00', N'CONFIRMED', 13, 7, 4, 1, 70, N'22:30:00');
INSERT INTO [reserver] ([reserverId], [date], [registerAt], [status], [registerUserUserId], [checkInDestinationId], [checkOutDestinationId], [busBusId], [driverUserId], [checkOutHour]) VALUES (96, '2026-05-23 18:15:00', '2026-05-19 18:15:00', N'CONFIRMED', 33, 3, 5, 2, 66, N'02:15:00');
INSERT INTO [reserver] ([reserverId], [date], [registerAt], [status], [registerUserUserId], [checkInDestinationId], [checkOutDestinationId], [busBusId], [driverUserId], [checkOutHour]) VALUES (97, '2026-07-05 13:30:00', '2026-07-04 13:30:00', N'PENDING', 21, 6, 1, 6, 67, N'20:30:00');
INSERT INTO [reserver] ([reserverId], [date], [registerAt], [status], [registerUserUserId], [checkInDestinationId], [checkOutDestinationId], [busBusId], [driverUserId], [checkOutHour]) VALUES (98, '2026-06-23 17:15:00', '2026-06-22 17:15:00', N'CANCELLED', 16, 2, 7, 2, 63, N'02:15:00');
INSERT INTO [reserver] ([reserverId], [date], [registerAt], [status], [registerUserUserId], [checkInDestinationId], [checkOutDestinationId], [busBusId], [driverUserId], [checkOutHour]) VALUES (99, '2026-05-16 15:45:00', '2026-05-11 15:45:00', N'COMPLETED', 47, 2, 5, 1, 62, N'22:45:00');
INSERT INTO [reserver] ([reserverId], [date], [registerAt], [status], [registerUserUserId], [checkInDestinationId], [checkOutDestinationId], [busBusId], [driverUserId], [checkOutHour]) VALUES (100, '2026-05-16 20:00:00', '2026-05-10 20:00:00', N'PENDING', 48, 4, 5, 1, 64, N'02:00:00');
INSERT INTO [reserver] ([reserverId], [date], [registerAt], [status], [registerUserUserId], [checkInDestinationId], [checkOutDestinationId], [busBusId], [driverUserId], [checkOutHour]) VALUES (101, '2026-06-04 14:30:00', '2026-05-28 14:30:00', N'PENDING', 3, 4, 7, 5, 70, N'23:30:00');
INSERT INTO [reserver] ([reserverId], [date], [registerAt], [status], [registerUserUserId], [checkInDestinationId], [checkOutDestinationId], [busBusId], [driverUserId], [checkOutHour]) VALUES (102, '2026-06-20 16:15:00', '2026-06-18 16:15:00', N'COMPLETED', 32, 7, 4, 6, 70, N'22:15:00');
INSERT INTO [reserver] ([reserverId], [date], [registerAt], [status], [registerUserUserId], [checkInDestinationId], [checkOutDestinationId], [busBusId], [driverUserId], [checkOutHour]) VALUES (103, '2026-05-17 14:00:00', '2026-05-10 14:00:00', N'CANCELLED', 6, 2, 3, 2, 68, N'21:00:00');
INSERT INTO [reserver] ([reserverId], [date], [registerAt], [status], [registerUserUserId], [checkInDestinationId], [checkOutDestinationId], [busBusId], [driverUserId], [checkOutHour]) VALUES (104, '2026-05-22 20:15:00', '2026-05-15 20:15:00', N'COMPLETED', 17, 6, 4, 6, 62, N'02:15:00');
INSERT INTO [reserver] ([reserverId], [date], [registerAt], [status], [registerUserUserId], [checkInDestinationId], [checkOutDestinationId], [busBusId], [driverUserId], [checkOutHour]) VALUES (105, '2026-06-08 15:15:00', '2026-06-05 15:15:00', N'CONFIRMED', 28, 1, 6, 2, 61, N'20:15:00');
INSERT INTO [reserver] ([reserverId], [date], [registerAt], [status], [registerUserUserId], [checkInDestinationId], [checkOutDestinationId], [busBusId], [driverUserId], [checkOutHour]) VALUES (106, '2026-07-14 06:30:00', '2026-07-11 06:30:00', N'PENDING', 11, 1, 3, 4, 66, N'10:30:00');
INSERT INTO [reserver] ([reserverId], [date], [registerAt], [status], [registerUserUserId], [checkInDestinationId], [checkOutDestinationId], [busBusId], [driverUserId], [checkOutHour]) VALUES (107, '2026-06-16 10:30:00', '2026-06-11 10:30:00', N'CANCELLED', 5, 7, 4, 1, 63, N'15:30:00');
INSERT INTO [reserver] ([reserverId], [date], [registerAt], [status], [registerUserUserId], [checkInDestinationId], [checkOutDestinationId], [busBusId], [driverUserId], [checkOutHour]) VALUES (108, '2026-07-10 07:15:00', '2026-07-08 07:15:00', N'COMPLETED', 28, 3, 7, 6, 64, N'12:15:00');
INSERT INTO [reserver] ([reserverId], [date], [registerAt], [status], [registerUserUserId], [checkInDestinationId], [checkOutDestinationId], [busBusId], [driverUserId], [checkOutHour]) VALUES (109, '2026-05-18 21:15:00', '2026-05-15 21:15:00', N'COMPLETED', 21, 6, 3, 5, 70, N'04:15:00');
INSERT INTO [reserver] ([reserverId], [date], [registerAt], [status], [registerUserUserId], [checkInDestinationId], [checkOutDestinationId], [busBusId], [driverUserId], [checkOutHour]) VALUES (110, '2026-05-31 21:15:00', '2026-05-28 21:15:00', N'PENDING', 29, 2, 5, 4, 61, N'04:15:00');
INSERT INTO [reserver] ([reserverId], [date], [registerAt], [status], [registerUserUserId], [checkInDestinationId], [checkOutDestinationId], [busBusId], [driverUserId], [checkOutHour]) VALUES (111, '2026-06-14 14:45:00', '2026-06-13 14:45:00', N'PENDING', 5, 4, 7, 4, 66, N'19:45:00');
INSERT INTO [reserver] ([reserverId], [date], [registerAt], [status], [registerUserUserId], [checkInDestinationId], [checkOutDestinationId], [busBusId], [driverUserId], [checkOutHour]) VALUES (112, '2026-06-15 14:15:00', '2026-06-13 14:15:00', N'CANCELLED', 8, 1, 2, 1, 70, N'20:15:00');
INSERT INTO [reserver] ([reserverId], [date], [registerAt], [status], [registerUserUserId], [checkInDestinationId], [checkOutDestinationId], [busBusId], [driverUserId], [checkOutHour]) VALUES (113, '2026-06-20 14:00:00', '2026-06-17 14:00:00', N'COMPLETED', 50, 3, 6, 1, 61, N'18:00:00');
INSERT INTO [reserver] ([reserverId], [date], [registerAt], [status], [registerUserUserId], [checkInDestinationId], [checkOutDestinationId], [busBusId], [driverUserId], [checkOutHour]) VALUES (114, '2026-06-14 12:45:00', '2026-06-12 12:45:00', N'CANCELLED', 19, 6, 3, 1, 63, N'17:45:00');
INSERT INTO [reserver] ([reserverId], [date], [registerAt], [status], [registerUserUserId], [checkInDestinationId], [checkOutDestinationId], [busBusId], [driverUserId], [checkOutHour]) VALUES (115, '2026-06-09 18:00:00', '2026-06-02 18:00:00', N'PENDING', 29, 2, 7, 1, 69, N'03:00:00');
INSERT INTO [reserver] ([reserverId], [date], [registerAt], [status], [registerUserUserId], [checkInDestinationId], [checkOutDestinationId], [busBusId], [driverUserId], [checkOutHour]) VALUES (116, '2026-06-14 13:15:00', '2026-06-11 13:15:00', N'COMPLETED', 43, 3, 5, 4, 66, N'17:15:00');
INSERT INTO [reserver] ([reserverId], [date], [registerAt], [status], [registerUserUserId], [checkInDestinationId], [checkOutDestinationId], [busBusId], [driverUserId], [checkOutHour]) VALUES (117, '2026-05-22 12:30:00', '2026-05-19 12:30:00', N'CANCELLED', 15, 4, 6, 5, 63, N'21:30:00');
INSERT INTO [reserver] ([reserverId], [date], [registerAt], [status], [registerUserUserId], [checkInDestinationId], [checkOutDestinationId], [busBusId], [driverUserId], [checkOutHour]) VALUES (118, '2026-06-16 15:00:00', '2026-06-13 15:00:00', N'CANCELLED', 19, 7, 1, 3, 65, N'22:00:00');
INSERT INTO [reserver] ([reserverId], [date], [registerAt], [status], [registerUserUserId], [checkInDestinationId], [checkOutDestinationId], [busBusId], [driverUserId], [checkOutHour]) VALUES (119, '2026-06-12 16:15:00', '2026-06-11 16:15:00', N'COMPLETED', 48, 5, 4, 1, 61, N'01:15:00');
INSERT INTO [reserver] ([reserverId], [date], [registerAt], [status], [registerUserUserId], [checkInDestinationId], [checkOutDestinationId], [busBusId], [driverUserId], [checkOutHour]) VALUES (120, '2026-05-27 17:00:00', '2026-05-26 17:00:00', N'PENDING', 29, 7, 2, 1, 63, N'01:00:00');
INSERT INTO [reserver] ([reserverId], [date], [registerAt], [status], [registerUserUserId], [checkInDestinationId], [checkOutDestinationId], [busBusId], [driverUserId], [checkOutHour]) VALUES (121, '2026-07-06 19:45:00', '2026-06-29 19:45:00', N'COMPLETED', 34, 4, 3, 4, 67, N'04:45:00');
INSERT INTO [reserver] ([reserverId], [date], [registerAt], [status], [registerUserUserId], [checkInDestinationId], [checkOutDestinationId], [busBusId], [driverUserId], [checkOutHour]) VALUES (122, '2026-06-06 19:45:00', '2026-06-05 19:45:00', N'CANCELLED', 29, 6, 2, 4, 66, N'02:45:00');
INSERT INTO [reserver] ([reserverId], [date], [registerAt], [status], [registerUserUserId], [checkInDestinationId], [checkOutDestinationId], [busBusId], [driverUserId], [checkOutHour]) VALUES (123, '2026-05-25 17:00:00', '2026-05-21 17:00:00', N'COMPLETED', 3, 4, 6, 5, 69, N'00:00:00');
INSERT INTO [reserver] ([reserverId], [date], [registerAt], [status], [registerUserUserId], [checkInDestinationId], [checkOutDestinationId], [busBusId], [driverUserId], [checkOutHour]) VALUES (124, '2026-06-29 16:30:00', '2026-06-24 16:30:00', N'CANCELLED', 22, 5, 3, 3, 70, N'23:30:00');
INSERT INTO [reserver] ([reserverId], [date], [registerAt], [status], [registerUserUserId], [checkInDestinationId], [checkOutDestinationId], [busBusId], [driverUserId], [checkOutHour]) VALUES (125, '2026-06-16 06:30:00', '2026-06-12 06:30:00', N'COMPLETED', 2, 5, 6, 3, 62, N'10:30:00');
INSERT INTO [reserver] ([reserverId], [date], [registerAt], [status], [registerUserUserId], [checkInDestinationId], [checkOutDestinationId], [busBusId], [driverUserId], [checkOutHour]) VALUES (126, '2026-06-28 21:00:00', '2026-06-26 21:00:00', N'CANCELLED', 9, 6, 1, 2, 65, N'02:00:00');
INSERT INTO [reserver] ([reserverId], [date], [registerAt], [status], [registerUserUserId], [checkInDestinationId], [checkOutDestinationId], [busBusId], [driverUserId], [checkOutHour]) VALUES (127, '2026-06-10 15:15:00', '2026-06-06 15:15:00', N'CANCELLED', 31, 7, 2, 1, 69, N'23:15:00');
INSERT INTO [reserver] ([reserverId], [date], [registerAt], [status], [registerUserUserId], [checkInDestinationId], [checkOutDestinationId], [busBusId], [driverUserId], [checkOutHour]) VALUES (128, '2026-06-24 12:30:00', '2026-06-20 12:30:00', N'CONFIRMED', 31, 7, 5, 5, 64, N'17:30:00');
INSERT INTO [reserver] ([reserverId], [date], [registerAt], [status], [registerUserUserId], [checkInDestinationId], [checkOutDestinationId], [busBusId], [driverUserId], [checkOutHour]) VALUES (129, '2026-07-03 09:30:00', '2026-06-26 09:30:00', N'CONFIRMED', 34, 1, 3, 3, 66, N'17:30:00');
INSERT INTO [reserver] ([reserverId], [date], [registerAt], [status], [registerUserUserId], [checkInDestinationId], [checkOutDestinationId], [busBusId], [driverUserId], [checkOutHour]) VALUES (130, '2026-06-10 06:00:00', '2026-06-04 06:00:00', N'CONFIRMED', 22, 3, 5, 2, 67, N'13:00:00');
INSERT INTO [reserver] ([reserverId], [date], [registerAt], [status], [registerUserUserId], [checkInDestinationId], [checkOutDestinationId], [busBusId], [driverUserId], [checkOutHour]) VALUES (131, '2026-06-19 20:30:00', '2026-06-13 20:30:00', N'CANCELLED', 4, 3, 2, 4, 69, N'00:30:00');
INSERT INTO [reserver] ([reserverId], [date], [registerAt], [status], [registerUserUserId], [checkInDestinationId], [checkOutDestinationId], [busBusId], [driverUserId], [checkOutHour]) VALUES (132, '2026-05-28 16:15:00', '2026-05-24 16:15:00', N'COMPLETED', 8, 4, 6, 5, 66, N'21:15:00');
INSERT INTO [reserver] ([reserverId], [date], [registerAt], [status], [registerUserUserId], [checkInDestinationId], [checkOutDestinationId], [busBusId], [driverUserId], [checkOutHour]) VALUES (133, '2026-06-08 06:30:00', '2026-06-04 06:30:00', N'COMPLETED', 37, 5, 4, 1, 64, N'13:30:00');
INSERT INTO [reserver] ([reserverId], [date], [registerAt], [status], [registerUserUserId], [checkInDestinationId], [checkOutDestinationId], [busBusId], [driverUserId], [checkOutHour]) VALUES (134, '2026-06-23 22:30:00', '2026-06-17 22:30:00', N'CONFIRMED', 7, 1, 3, 6, 63, N'04:30:00');
INSERT INTO [reserver] ([reserverId], [date], [registerAt], [status], [registerUserUserId], [checkInDestinationId], [checkOutDestinationId], [busBusId], [driverUserId], [checkOutHour]) VALUES (135, '2026-06-17 12:45:00', '2026-06-12 12:45:00', N'CONFIRMED', 23, 3, 2, 4, 67, N'19:45:00');
INSERT INTO [reserver] ([reserverId], [date], [registerAt], [status], [registerUserUserId], [checkInDestinationId], [checkOutDestinationId], [busBusId], [driverUserId], [checkOutHour]) VALUES (136, '2026-07-06 20:30:00', '2026-06-29 20:30:00', N'CONFIRMED', 42, 3, 5, 3, 63, N'02:30:00');
INSERT INTO [reserver] ([reserverId], [date], [registerAt], [status], [registerUserUserId], [checkInDestinationId], [checkOutDestinationId], [busBusId], [driverUserId], [checkOutHour]) VALUES (137, '2026-06-19 12:30:00', '2026-06-17 12:30:00', N'CONFIRMED', 1, 1, 3, 5, 69, N'17:30:00');
INSERT INTO [reserver] ([reserverId], [date], [registerAt], [status], [registerUserUserId], [checkInDestinationId], [checkOutDestinationId], [busBusId], [driverUserId], [checkOutHour]) VALUES (138, '2026-07-09 12:45:00', '2026-07-05 12:45:00', N'COMPLETED', 12, 6, 1, 5, 70, N'18:45:00');
INSERT INTO [reserver] ([reserverId], [date], [registerAt], [status], [registerUserUserId], [checkInDestinationId], [checkOutDestinationId], [busBusId], [driverUserId], [checkOutHour]) VALUES (139, '2026-07-02 20:30:00', '2026-06-29 20:30:00', N'PENDING', 46, 6, 1, 5, 69, N'00:30:00');
INSERT INTO [reserver] ([reserverId], [date], [registerAt], [status], [registerUserUserId], [checkInDestinationId], [checkOutDestinationId], [busBusId], [driverUserId], [checkOutHour]) VALUES (140, '2026-06-01 14:45:00', '2026-05-30 14:45:00', N'PENDING', 15, 2, 3, 5, 66, N'21:45:00');
INSERT INTO [reserver] ([reserverId], [date], [registerAt], [status], [registerUserUserId], [checkInDestinationId], [checkOutDestinationId], [busBusId], [driverUserId], [checkOutHour]) VALUES (141, '2026-07-15 15:30:00', '2026-07-11 15:30:00', N'CANCELLED', 43, 3, 1, 2, 70, N'23:30:00');
INSERT INTO [reserver] ([reserverId], [date], [registerAt], [status], [registerUserUserId], [checkInDestinationId], [checkOutDestinationId], [busBusId], [driverUserId], [checkOutHour]) VALUES (142, '2026-06-22 15:30:00', '2026-06-19 15:30:00', N'PENDING', 24, 1, 2, 6, 65, N'20:30:00');
INSERT INTO [reserver] ([reserverId], [date], [registerAt], [status], [registerUserUserId], [checkInDestinationId], [checkOutDestinationId], [busBusId], [driverUserId], [checkOutHour]) VALUES (143, '2026-06-28 13:30:00', '2026-06-27 13:30:00', N'CONFIRMED', 30, 3, 5, 5, 63, N'20:30:00');
INSERT INTO [reserver] ([reserverId], [date], [registerAt], [status], [registerUserUserId], [checkInDestinationId], [checkOutDestinationId], [busBusId], [driverUserId], [checkOutHour]) VALUES (144, '2026-06-27 19:45:00', '2026-06-22 19:45:00', N'CANCELLED', 44, 2, 5, 4, 61, N'02:45:00');
INSERT INTO [reserver] ([reserverId], [date], [registerAt], [status], [registerUserUserId], [checkInDestinationId], [checkOutDestinationId], [busBusId], [driverUserId], [checkOutHour]) VALUES (145, '2026-07-11 17:30:00', '2026-07-05 17:30:00', N'PENDING', 45, 5, 6, 2, 66, N'23:30:00');
INSERT INTO [reserver] ([reserverId], [date], [registerAt], [status], [registerUserUserId], [checkInDestinationId], [checkOutDestinationId], [busBusId], [driverUserId], [checkOutHour]) VALUES (146, '2026-07-12 14:45:00', '2026-07-10 14:45:00', N'PENDING', 36, 3, 7, 2, 68, N'23:45:00');
INSERT INTO [reserver] ([reserverId], [date], [registerAt], [status], [registerUserUserId], [checkInDestinationId], [checkOutDestinationId], [busBusId], [driverUserId], [checkOutHour]) VALUES (147, '2026-06-17 06:45:00', '2026-06-16 06:45:00', N'CANCELLED', 42, 4, 3, 6, 61, N'12:45:00');
INSERT INTO [reserver] ([reserverId], [date], [registerAt], [status], [registerUserUserId], [checkInDestinationId], [checkOutDestinationId], [busBusId], [driverUserId], [checkOutHour]) VALUES (148, '2026-06-30 19:30:00', '2026-06-27 19:30:00', N'CONFIRMED', 17, 3, 7, 3, 61, N'23:30:00');
INSERT INTO [reserver] ([reserverId], [date], [registerAt], [status], [registerUserUserId], [checkInDestinationId], [checkOutDestinationId], [busBusId], [driverUserId], [checkOutHour]) VALUES (149, '2026-06-10 06:00:00', '2026-06-03 06:00:00', N'PENDING', 42, 4, 6, 6, 65, N'11:00:00');
INSERT INTO [reserver] ([reserverId], [date], [registerAt], [status], [registerUserUserId], [checkInDestinationId], [checkOutDestinationId], [busBusId], [driverUserId], [checkOutHour]) VALUES (150, '2026-07-04 15:15:00', '2026-07-02 15:15:00', N'CONFIRMED', 31, 7, 4, 2, 66, N'19:15:00');
SET IDENTITY_INSERT [reserver] OFF;
GO

PRINT 'Insertando tabla [reserver_agency]...';
SET IDENTITY_INSERT [reserver_agency] ON;
INSERT INTO [reserver_agency] ([reserverAgencyId], [name], [address], [phone], [email], [hour], [reserverReserverId], [agencyAgencyId]) VALUES (1, N'Abordaje Pacasmayo', N'Av. Principal 307', N'044-041822', N'contacto@entrafesa.pe', N'11:30', 1, 6);
INSERT INTO [reserver_agency] ([reserverAgencyId], [name], [address], [phone], [email], [hour], [reserverReserverId], [agencyAgencyId]) VALUES (2, N'Abordaje Lima', N'Av. Principal 499', N'044-755482', N'contacto@entrafesa.pe', N'15:45', 2, 1);
INSERT INTO [reserver_agency] ([reserverAgencyId], [name], [address], [phone], [email], [hour], [reserverReserverId], [agencyAgencyId]) VALUES (3, N'Abordaje Piura', N'Av. Principal 329', N'044-109152', N'contacto@entrafesa.pe', N'17:45', 3, 5);
INSERT INTO [reserver_agency] ([reserverAgencyId], [name], [address], [phone], [email], [hour], [reserverReserverId], [agencyAgencyId]) VALUES (4, N'Abordaje Chiclayo', N'Av. Principal 189', N'044-774362', N'contacto@entrafesa.pe', N'06:30', 4, 3);
INSERT INTO [reserver_agency] ([reserverAgencyId], [name], [address], [phone], [email], [hour], [reserverReserverId], [agencyAgencyId]) VALUES (5, N'Abordaje Piura', N'Av. Principal 329', N'044-109152', N'contacto@entrafesa.pe', N'06:45', 5, 5);
INSERT INTO [reserver_agency] ([reserverAgencyId], [name], [address], [phone], [email], [hour], [reserverReserverId], [agencyAgencyId]) VALUES (6, N'Abordaje Chimbote', N'Av. Principal 882', N'044-938084', N'contacto@entrafesa.pe', N'13:30', 6, 7);
INSERT INTO [reserver_agency] ([reserverAgencyId], [name], [address], [phone], [email], [hour], [reserverReserverId], [agencyAgencyId]) VALUES (7, N'Abordaje Trujillo', N'Av. Principal 945', N'044-393788', N'contacto@entrafesa.pe', N'06:00', 7, 2);
INSERT INTO [reserver_agency] ([reserverAgencyId], [name], [address], [phone], [email], [hour], [reserverReserverId], [agencyAgencyId]) VALUES (8, N'Abordaje Chimbote', N'Av. Principal 882', N'044-938084', N'contacto@entrafesa.pe', N'13:00', 8, 7);
INSERT INTO [reserver_agency] ([reserverAgencyId], [name], [address], [phone], [email], [hour], [reserverReserverId], [agencyAgencyId]) VALUES (9, N'Abordaje Trujillo', N'Av. Principal 945', N'044-393788', N'contacto@entrafesa.pe', N'17:15', 9, 2);
INSERT INTO [reserver_agency] ([reserverAgencyId], [name], [address], [phone], [email], [hour], [reserverReserverId], [agencyAgencyId]) VALUES (10, N'Abordaje Chimbote', N'Av. Principal 882', N'044-938084', N'contacto@entrafesa.pe', N'22:45', 10, 7);
INSERT INTO [reserver_agency] ([reserverAgencyId], [name], [address], [phone], [email], [hour], [reserverReserverId], [agencyAgencyId]) VALUES (11, N'Abordaje Chiclayo', N'Av. Principal 189', N'044-774362', N'contacto@entrafesa.pe', N'22:15', 11, 3);
INSERT INTO [reserver_agency] ([reserverAgencyId], [name], [address], [phone], [email], [hour], [reserverReserverId], [agencyAgencyId]) VALUES (12, N'Abordaje Lima', N'Av. Principal 499', N'044-755482', N'contacto@entrafesa.pe', N'07:00', 12, 1);
INSERT INTO [reserver_agency] ([reserverAgencyId], [name], [address], [phone], [email], [hour], [reserverReserverId], [agencyAgencyId]) VALUES (13, N'Abordaje Piura', N'Av. Principal 329', N'044-109152', N'contacto@entrafesa.pe', N'06:15', 13, 5);
INSERT INTO [reserver_agency] ([reserverAgencyId], [name], [address], [phone], [email], [hour], [reserverReserverId], [agencyAgencyId]) VALUES (14, N'Abordaje Pacasmayo', N'Av. Principal 307', N'044-041822', N'contacto@entrafesa.pe', N'06:00', 14, 6);
INSERT INTO [reserver_agency] ([reserverAgencyId], [name], [address], [phone], [email], [hour], [reserverReserverId], [agencyAgencyId]) VALUES (15, N'Abordaje Lima', N'Av. Principal 499', N'044-755482', N'contacto@entrafesa.pe', N'17:45', 15, 1);
INSERT INTO [reserver_agency] ([reserverAgencyId], [name], [address], [phone], [email], [hour], [reserverReserverId], [agencyAgencyId]) VALUES (16, N'Abordaje Cajamarca', N'Av. Principal 1275', N'044-131035', N'contacto@entrafesa.pe', N'12:15', 16, 4);
INSERT INTO [reserver_agency] ([reserverAgencyId], [name], [address], [phone], [email], [hour], [reserverReserverId], [agencyAgencyId]) VALUES (17, N'Abordaje Chimbote', N'Av. Principal 882', N'044-938084', N'contacto@entrafesa.pe', N'16:00', 17, 7);
INSERT INTO [reserver_agency] ([reserverAgencyId], [name], [address], [phone], [email], [hour], [reserverReserverId], [agencyAgencyId]) VALUES (18, N'Abordaje Pacasmayo', N'Av. Principal 307', N'044-041822', N'contacto@entrafesa.pe', N'17:15', 18, 6);
INSERT INTO [reserver_agency] ([reserverAgencyId], [name], [address], [phone], [email], [hour], [reserverReserverId], [agencyAgencyId]) VALUES (19, N'Abordaje Chiclayo', N'Av. Principal 189', N'044-774362', N'contacto@entrafesa.pe', N'14:00', 19, 3);
INSERT INTO [reserver_agency] ([reserverAgencyId], [name], [address], [phone], [email], [hour], [reserverReserverId], [agencyAgencyId]) VALUES (20, N'Abordaje Pacasmayo', N'Av. Principal 307', N'044-041822', N'contacto@entrafesa.pe', N'19:15', 20, 6);
INSERT INTO [reserver_agency] ([reserverAgencyId], [name], [address], [phone], [email], [hour], [reserverReserverId], [agencyAgencyId]) VALUES (21, N'Abordaje Cajamarca', N'Av. Principal 1275', N'044-131035', N'contacto@entrafesa.pe', N'19:00', 21, 4);
INSERT INTO [reserver_agency] ([reserverAgencyId], [name], [address], [phone], [email], [hour], [reserverReserverId], [agencyAgencyId]) VALUES (22, N'Abordaje Lima', N'Av. Principal 499', N'044-755482', N'contacto@entrafesa.pe', N'21:00', 22, 1);
INSERT INTO [reserver_agency] ([reserverAgencyId], [name], [address], [phone], [email], [hour], [reserverReserverId], [agencyAgencyId]) VALUES (23, N'Abordaje Cajamarca', N'Av. Principal 1275', N'044-131035', N'contacto@entrafesa.pe', N'13:00', 23, 4);
INSERT INTO [reserver_agency] ([reserverAgencyId], [name], [address], [phone], [email], [hour], [reserverReserverId], [agencyAgencyId]) VALUES (24, N'Abordaje Pacasmayo', N'Av. Principal 307', N'044-041822', N'contacto@entrafesa.pe', N'13:30', 24, 6);
INSERT INTO [reserver_agency] ([reserverAgencyId], [name], [address], [phone], [email], [hour], [reserverReserverId], [agencyAgencyId]) VALUES (25, N'Abordaje Piura', N'Av. Principal 329', N'044-109152', N'contacto@entrafesa.pe', N'13:45', 25, 5);
INSERT INTO [reserver_agency] ([reserverAgencyId], [name], [address], [phone], [email], [hour], [reserverReserverId], [agencyAgencyId]) VALUES (26, N'Abordaje Lima', N'Av. Principal 499', N'044-755482', N'contacto@entrafesa.pe', N'21:30', 26, 1);
INSERT INTO [reserver_agency] ([reserverAgencyId], [name], [address], [phone], [email], [hour], [reserverReserverId], [agencyAgencyId]) VALUES (27, N'Abordaje Trujillo', N'Av. Principal 945', N'044-393788', N'contacto@entrafesa.pe', N'09:00', 27, 2);
INSERT INTO [reserver_agency] ([reserverAgencyId], [name], [address], [phone], [email], [hour], [reserverReserverId], [agencyAgencyId]) VALUES (28, N'Abordaje Cajamarca', N'Av. Principal 1275', N'044-131035', N'contacto@entrafesa.pe', N'11:30', 28, 4);
INSERT INTO [reserver_agency] ([reserverAgencyId], [name], [address], [phone], [email], [hour], [reserverReserverId], [agencyAgencyId]) VALUES (29, N'Abordaje Trujillo', N'Av. Principal 945', N'044-393788', N'contacto@entrafesa.pe', N'21:00', 29, 2);
INSERT INTO [reserver_agency] ([reserverAgencyId], [name], [address], [phone], [email], [hour], [reserverReserverId], [agencyAgencyId]) VALUES (30, N'Abordaje Pacasmayo', N'Av. Principal 307', N'044-041822', N'contacto@entrafesa.pe', N'07:30', 30, 6);
INSERT INTO [reserver_agency] ([reserverAgencyId], [name], [address], [phone], [email], [hour], [reserverReserverId], [agencyAgencyId]) VALUES (31, N'Abordaje Chimbote', N'Av. Principal 882', N'044-938084', N'contacto@entrafesa.pe', N'15:30', 31, 7);
INSERT INTO [reserver_agency] ([reserverAgencyId], [name], [address], [phone], [email], [hour], [reserverReserverId], [agencyAgencyId]) VALUES (32, N'Abordaje Chiclayo', N'Av. Principal 189', N'044-774362', N'contacto@entrafesa.pe', N'13:00', 32, 3);
INSERT INTO [reserver_agency] ([reserverAgencyId], [name], [address], [phone], [email], [hour], [reserverReserverId], [agencyAgencyId]) VALUES (33, N'Abordaje Trujillo', N'Av. Principal 945', N'044-393788', N'contacto@entrafesa.pe', N'19:00', 33, 2);
INSERT INTO [reserver_agency] ([reserverAgencyId], [name], [address], [phone], [email], [hour], [reserverReserverId], [agencyAgencyId]) VALUES (34, N'Abordaje Trujillo', N'Av. Principal 945', N'044-393788', N'contacto@entrafesa.pe', N'13:15', 34, 2);
INSERT INTO [reserver_agency] ([reserverAgencyId], [name], [address], [phone], [email], [hour], [reserverReserverId], [agencyAgencyId]) VALUES (35, N'Abordaje Cajamarca', N'Av. Principal 1275', N'044-131035', N'contacto@entrafesa.pe', N'09:30', 35, 4);
INSERT INTO [reserver_agency] ([reserverAgencyId], [name], [address], [phone], [email], [hour], [reserverReserverId], [agencyAgencyId]) VALUES (36, N'Abordaje Piura', N'Av. Principal 329', N'044-109152', N'contacto@entrafesa.pe', N'15:30', 36, 5);
INSERT INTO [reserver_agency] ([reserverAgencyId], [name], [address], [phone], [email], [hour], [reserverReserverId], [agencyAgencyId]) VALUES (37, N'Abordaje Chimbote', N'Av. Principal 882', N'044-938084', N'contacto@entrafesa.pe', N'07:45', 37, 7);
INSERT INTO [reserver_agency] ([reserverAgencyId], [name], [address], [phone], [email], [hour], [reserverReserverId], [agencyAgencyId]) VALUES (38, N'Abordaje Cajamarca', N'Av. Principal 1275', N'044-131035', N'contacto@entrafesa.pe', N'18:45', 38, 4);
INSERT INTO [reserver_agency] ([reserverAgencyId], [name], [address], [phone], [email], [hour], [reserverReserverId], [agencyAgencyId]) VALUES (39, N'Abordaje Pacasmayo', N'Av. Principal 307', N'044-041822', N'contacto@entrafesa.pe', N'20:00', 39, 6);
INSERT INTO [reserver_agency] ([reserverAgencyId], [name], [address], [phone], [email], [hour], [reserverReserverId], [agencyAgencyId]) VALUES (40, N'Abordaje Lima', N'Av. Principal 499', N'044-755482', N'contacto@entrafesa.pe', N'19:45', 40, 1);
INSERT INTO [reserver_agency] ([reserverAgencyId], [name], [address], [phone], [email], [hour], [reserverReserverId], [agencyAgencyId]) VALUES (41, N'Abordaje Lima', N'Av. Principal 499', N'044-755482', N'contacto@entrafesa.pe', N'22:00', 41, 1);
INSERT INTO [reserver_agency] ([reserverAgencyId], [name], [address], [phone], [email], [hour], [reserverReserverId], [agencyAgencyId]) VALUES (42, N'Abordaje Piura', N'Av. Principal 329', N'044-109152', N'contacto@entrafesa.pe', N'09:00', 42, 5);
INSERT INTO [reserver_agency] ([reserverAgencyId], [name], [address], [phone], [email], [hour], [reserverReserverId], [agencyAgencyId]) VALUES (43, N'Abordaje Pacasmayo', N'Av. Principal 307', N'044-041822', N'contacto@entrafesa.pe', N'14:45', 43, 6);
INSERT INTO [reserver_agency] ([reserverAgencyId], [name], [address], [phone], [email], [hour], [reserverReserverId], [agencyAgencyId]) VALUES (44, N'Abordaje Chimbote', N'Av. Principal 882', N'044-938084', N'contacto@entrafesa.pe', N'09:30', 44, 7);
INSERT INTO [reserver_agency] ([reserverAgencyId], [name], [address], [phone], [email], [hour], [reserverReserverId], [agencyAgencyId]) VALUES (45, N'Abordaje Trujillo', N'Av. Principal 945', N'044-393788', N'contacto@entrafesa.pe', N'21:45', 45, 2);
INSERT INTO [reserver_agency] ([reserverAgencyId], [name], [address], [phone], [email], [hour], [reserverReserverId], [agencyAgencyId]) VALUES (46, N'Abordaje Chimbote', N'Av. Principal 882', N'044-938084', N'contacto@entrafesa.pe', N'18:00', 46, 7);
INSERT INTO [reserver_agency] ([reserverAgencyId], [name], [address], [phone], [email], [hour], [reserverReserverId], [agencyAgencyId]) VALUES (47, N'Abordaje Lima', N'Av. Principal 499', N'044-755482', N'contacto@entrafesa.pe', N'18:15', 47, 1);
INSERT INTO [reserver_agency] ([reserverAgencyId], [name], [address], [phone], [email], [hour], [reserverReserverId], [agencyAgencyId]) VALUES (48, N'Abordaje Pacasmayo', N'Av. Principal 307', N'044-041822', N'contacto@entrafesa.pe', N'21:00', 48, 6);
INSERT INTO [reserver_agency] ([reserverAgencyId], [name], [address], [phone], [email], [hour], [reserverReserverId], [agencyAgencyId]) VALUES (49, N'Abordaje Cajamarca', N'Av. Principal 1275', N'044-131035', N'contacto@entrafesa.pe', N'18:00', 49, 4);
INSERT INTO [reserver_agency] ([reserverAgencyId], [name], [address], [phone], [email], [hour], [reserverReserverId], [agencyAgencyId]) VALUES (50, N'Abordaje Trujillo', N'Av. Principal 945', N'044-393788', N'contacto@entrafesa.pe', N'17:30', 50, 2);
INSERT INTO [reserver_agency] ([reserverAgencyId], [name], [address], [phone], [email], [hour], [reserverReserverId], [agencyAgencyId]) VALUES (51, N'Abordaje Lima', N'Av. Principal 499', N'044-755482', N'contacto@entrafesa.pe', N'16:45', 51, 1);
INSERT INTO [reserver_agency] ([reserverAgencyId], [name], [address], [phone], [email], [hour], [reserverReserverId], [agencyAgencyId]) VALUES (52, N'Abordaje Chimbote', N'Av. Principal 882', N'044-938084', N'contacto@entrafesa.pe', N'17:45', 52, 7);
INSERT INTO [reserver_agency] ([reserverAgencyId], [name], [address], [phone], [email], [hour], [reserverReserverId], [agencyAgencyId]) VALUES (53, N'Abordaje Chiclayo', N'Av. Principal 189', N'044-774362', N'contacto@entrafesa.pe', N'07:15', 53, 3);
INSERT INTO [reserver_agency] ([reserverAgencyId], [name], [address], [phone], [email], [hour], [reserverReserverId], [agencyAgencyId]) VALUES (54, N'Abordaje Chiclayo', N'Av. Principal 189', N'044-774362', N'contacto@entrafesa.pe', N'21:00', 54, 3);
INSERT INTO [reserver_agency] ([reserverAgencyId], [name], [address], [phone], [email], [hour], [reserverReserverId], [agencyAgencyId]) VALUES (55, N'Abordaje Piura', N'Av. Principal 329', N'044-109152', N'contacto@entrafesa.pe', N'20:45', 55, 5);
INSERT INTO [reserver_agency] ([reserverAgencyId], [name], [address], [phone], [email], [hour], [reserverReserverId], [agencyAgencyId]) VALUES (56, N'Abordaje Cajamarca', N'Av. Principal 1275', N'044-131035', N'contacto@entrafesa.pe', N'06:30', 56, 4);
INSERT INTO [reserver_agency] ([reserverAgencyId], [name], [address], [phone], [email], [hour], [reserverReserverId], [agencyAgencyId]) VALUES (57, N'Abordaje Pacasmayo', N'Av. Principal 307', N'044-041822', N'contacto@entrafesa.pe', N'22:00', 57, 6);
INSERT INTO [reserver_agency] ([reserverAgencyId], [name], [address], [phone], [email], [hour], [reserverReserverId], [agencyAgencyId]) VALUES (58, N'Abordaje Chiclayo', N'Av. Principal 189', N'044-774362', N'contacto@entrafesa.pe', N'20:30', 58, 3);
INSERT INTO [reserver_agency] ([reserverAgencyId], [name], [address], [phone], [email], [hour], [reserverReserverId], [agencyAgencyId]) VALUES (59, N'Abordaje Pacasmayo', N'Av. Principal 307', N'044-041822', N'contacto@entrafesa.pe', N'19:30', 59, 6);
INSERT INTO [reserver_agency] ([reserverAgencyId], [name], [address], [phone], [email], [hour], [reserverReserverId], [agencyAgencyId]) VALUES (60, N'Abordaje Trujillo', N'Av. Principal 945', N'044-393788', N'contacto@entrafesa.pe', N'11:15', 60, 2);
INSERT INTO [reserver_agency] ([reserverAgencyId], [name], [address], [phone], [email], [hour], [reserverReserverId], [agencyAgencyId]) VALUES (61, N'Abordaje Lima', N'Av. Principal 499', N'044-755482', N'contacto@entrafesa.pe', N'15:30', 61, 1);
INSERT INTO [reserver_agency] ([reserverAgencyId], [name], [address], [phone], [email], [hour], [reserverReserverId], [agencyAgencyId]) VALUES (62, N'Abordaje Chiclayo', N'Av. Principal 189', N'044-774362', N'contacto@entrafesa.pe', N'22:30', 62, 3);
INSERT INTO [reserver_agency] ([reserverAgencyId], [name], [address], [phone], [email], [hour], [reserverReserverId], [agencyAgencyId]) VALUES (63, N'Abordaje Cajamarca', N'Av. Principal 1275', N'044-131035', N'contacto@entrafesa.pe', N'18:30', 63, 4);
INSERT INTO [reserver_agency] ([reserverAgencyId], [name], [address], [phone], [email], [hour], [reserverReserverId], [agencyAgencyId]) VALUES (64, N'Abordaje Pacasmayo', N'Av. Principal 307', N'044-041822', N'contacto@entrafesa.pe', N'21:45', 64, 6);
INSERT INTO [reserver_agency] ([reserverAgencyId], [name], [address], [phone], [email], [hour], [reserverReserverId], [agencyAgencyId]) VALUES (65, N'Abordaje Lima', N'Av. Principal 499', N'044-755482', N'contacto@entrafesa.pe', N'08:15', 65, 1);
INSERT INTO [reserver_agency] ([reserverAgencyId], [name], [address], [phone], [email], [hour], [reserverReserverId], [agencyAgencyId]) VALUES (66, N'Abordaje Lima', N'Av. Principal 499', N'044-755482', N'contacto@entrafesa.pe', N'13:00', 66, 1);
INSERT INTO [reserver_agency] ([reserverAgencyId], [name], [address], [phone], [email], [hour], [reserverReserverId], [agencyAgencyId]) VALUES (67, N'Abordaje Pacasmayo', N'Av. Principal 307', N'044-041822', N'contacto@entrafesa.pe', N'17:00', 67, 6);
INSERT INTO [reserver_agency] ([reserverAgencyId], [name], [address], [phone], [email], [hour], [reserverReserverId], [agencyAgencyId]) VALUES (68, N'Abordaje Cajamarca', N'Av. Principal 1275', N'044-131035', N'contacto@entrafesa.pe', N'08:45', 68, 4);
INSERT INTO [reserver_agency] ([reserverAgencyId], [name], [address], [phone], [email], [hour], [reserverReserverId], [agencyAgencyId]) VALUES (69, N'Abordaje Pacasmayo', N'Av. Principal 307', N'044-041822', N'contacto@entrafesa.pe', N'16:15', 69, 6);
INSERT INTO [reserver_agency] ([reserverAgencyId], [name], [address], [phone], [email], [hour], [reserverReserverId], [agencyAgencyId]) VALUES (70, N'Abordaje Pacasmayo', N'Av. Principal 307', N'044-041822', N'contacto@entrafesa.pe', N'06:00', 70, 6);
INSERT INTO [reserver_agency] ([reserverAgencyId], [name], [address], [phone], [email], [hour], [reserverReserverId], [agencyAgencyId]) VALUES (71, N'Abordaje Lima', N'Av. Principal 499', N'044-755482', N'contacto@entrafesa.pe', N'07:00', 71, 1);
INSERT INTO [reserver_agency] ([reserverAgencyId], [name], [address], [phone], [email], [hour], [reserverReserverId], [agencyAgencyId]) VALUES (72, N'Abordaje Chiclayo', N'Av. Principal 189', N'044-774362', N'contacto@entrafesa.pe', N'14:00', 72, 3);
INSERT INTO [reserver_agency] ([reserverAgencyId], [name], [address], [phone], [email], [hour], [reserverReserverId], [agencyAgencyId]) VALUES (73, N'Abordaje Cajamarca', N'Av. Principal 1275', N'044-131035', N'contacto@entrafesa.pe', N'12:45', 73, 4);
INSERT INTO [reserver_agency] ([reserverAgencyId], [name], [address], [phone], [email], [hour], [reserverReserverId], [agencyAgencyId]) VALUES (74, N'Abordaje Trujillo', N'Av. Principal 945', N'044-393788', N'contacto@entrafesa.pe', N'18:00', 74, 2);
INSERT INTO [reserver_agency] ([reserverAgencyId], [name], [address], [phone], [email], [hour], [reserverReserverId], [agencyAgencyId]) VALUES (75, N'Abordaje Chimbote', N'Av. Principal 882', N'044-938084', N'contacto@entrafesa.pe', N'20:45', 75, 7);
INSERT INTO [reserver_agency] ([reserverAgencyId], [name], [address], [phone], [email], [hour], [reserverReserverId], [agencyAgencyId]) VALUES (76, N'Abordaje Cajamarca', N'Av. Principal 1275', N'044-131035', N'contacto@entrafesa.pe', N'07:30', 76, 4);
INSERT INTO [reserver_agency] ([reserverAgencyId], [name], [address], [phone], [email], [hour], [reserverReserverId], [agencyAgencyId]) VALUES (77, N'Abordaje Lima', N'Av. Principal 499', N'044-755482', N'contacto@entrafesa.pe', N'18:45', 77, 1);
INSERT INTO [reserver_agency] ([reserverAgencyId], [name], [address], [phone], [email], [hour], [reserverReserverId], [agencyAgencyId]) VALUES (78, N'Abordaje Chimbote', N'Av. Principal 882', N'044-938084', N'contacto@entrafesa.pe', N'10:45', 78, 7);
INSERT INTO [reserver_agency] ([reserverAgencyId], [name], [address], [phone], [email], [hour], [reserverReserverId], [agencyAgencyId]) VALUES (79, N'Abordaje Piura', N'Av. Principal 329', N'044-109152', N'contacto@entrafesa.pe', N'18:15', 79, 5);
INSERT INTO [reserver_agency] ([reserverAgencyId], [name], [address], [phone], [email], [hour], [reserverReserverId], [agencyAgencyId]) VALUES (80, N'Abordaje Chiclayo', N'Av. Principal 189', N'044-774362', N'contacto@entrafesa.pe', N'18:45', 80, 3);
INSERT INTO [reserver_agency] ([reserverAgencyId], [name], [address], [phone], [email], [hour], [reserverReserverId], [agencyAgencyId]) VALUES (81, N'Abordaje Cajamarca', N'Av. Principal 1275', N'044-131035', N'contacto@entrafesa.pe', N'17:15', 81, 4);
INSERT INTO [reserver_agency] ([reserverAgencyId], [name], [address], [phone], [email], [hour], [reserverReserverId], [agencyAgencyId]) VALUES (82, N'Abordaje Chimbote', N'Av. Principal 882', N'044-938084', N'contacto@entrafesa.pe', N'21:30', 82, 7);
INSERT INTO [reserver_agency] ([reserverAgencyId], [name], [address], [phone], [email], [hour], [reserverReserverId], [agencyAgencyId]) VALUES (83, N'Abordaje Lima', N'Av. Principal 499', N'044-755482', N'contacto@entrafesa.pe', N'11:45', 83, 1);
INSERT INTO [reserver_agency] ([reserverAgencyId], [name], [address], [phone], [email], [hour], [reserverReserverId], [agencyAgencyId]) VALUES (84, N'Abordaje Pacasmayo', N'Av. Principal 307', N'044-041822', N'contacto@entrafesa.pe', N'17:45', 84, 6);
INSERT INTO [reserver_agency] ([reserverAgencyId], [name], [address], [phone], [email], [hour], [reserverReserverId], [agencyAgencyId]) VALUES (85, N'Abordaje Chimbote', N'Av. Principal 882', N'044-938084', N'contacto@entrafesa.pe', N'09:45', 85, 7);
INSERT INTO [reserver_agency] ([reserverAgencyId], [name], [address], [phone], [email], [hour], [reserverReserverId], [agencyAgencyId]) VALUES (86, N'Abordaje Chiclayo', N'Av. Principal 189', N'044-774362', N'contacto@entrafesa.pe', N'18:15', 86, 3);
INSERT INTO [reserver_agency] ([reserverAgencyId], [name], [address], [phone], [email], [hour], [reserverReserverId], [agencyAgencyId]) VALUES (87, N'Abordaje Piura', N'Av. Principal 329', N'044-109152', N'contacto@entrafesa.pe', N'06:30', 87, 5);
INSERT INTO [reserver_agency] ([reserverAgencyId], [name], [address], [phone], [email], [hour], [reserverReserverId], [agencyAgencyId]) VALUES (88, N'Abordaje Chiclayo', N'Av. Principal 189', N'044-774362', N'contacto@entrafesa.pe', N'09:45', 88, 3);
INSERT INTO [reserver_agency] ([reserverAgencyId], [name], [address], [phone], [email], [hour], [reserverReserverId], [agencyAgencyId]) VALUES (89, N'Abordaje Cajamarca', N'Av. Principal 1275', N'044-131035', N'contacto@entrafesa.pe', N'06:00', 89, 4);
INSERT INTO [reserver_agency] ([reserverAgencyId], [name], [address], [phone], [email], [hour], [reserverReserverId], [agencyAgencyId]) VALUES (90, N'Abordaje Cajamarca', N'Av. Principal 1275', N'044-131035', N'contacto@entrafesa.pe', N'13:45', 90, 4);
INSERT INTO [reserver_agency] ([reserverAgencyId], [name], [address], [phone], [email], [hour], [reserverReserverId], [agencyAgencyId]) VALUES (91, N'Abordaje Lima', N'Av. Principal 499', N'044-755482', N'contacto@entrafesa.pe', N'13:15', 91, 1);
INSERT INTO [reserver_agency] ([reserverAgencyId], [name], [address], [phone], [email], [hour], [reserverReserverId], [agencyAgencyId]) VALUES (92, N'Abordaje Trujillo', N'Av. Principal 945', N'044-393788', N'contacto@entrafesa.pe', N'08:15', 92, 2);
INSERT INTO [reserver_agency] ([reserverAgencyId], [name], [address], [phone], [email], [hour], [reserverReserverId], [agencyAgencyId]) VALUES (93, N'Abordaje Cajamarca', N'Av. Principal 1275', N'044-131035', N'contacto@entrafesa.pe', N'15:00', 93, 4);
INSERT INTO [reserver_agency] ([reserverAgencyId], [name], [address], [phone], [email], [hour], [reserverReserverId], [agencyAgencyId]) VALUES (94, N'Abordaje Lima', N'Av. Principal 499', N'044-755482', N'contacto@entrafesa.pe', N'08:45', 94, 1);
INSERT INTO [reserver_agency] ([reserverAgencyId], [name], [address], [phone], [email], [hour], [reserverReserverId], [agencyAgencyId]) VALUES (95, N'Abordaje Chimbote', N'Av. Principal 882', N'044-938084', N'contacto@entrafesa.pe', N'15:30', 95, 7);
INSERT INTO [reserver_agency] ([reserverAgencyId], [name], [address], [phone], [email], [hour], [reserverReserverId], [agencyAgencyId]) VALUES (96, N'Abordaje Chiclayo', N'Av. Principal 189', N'044-774362', N'contacto@entrafesa.pe', N'18:15', 96, 3);
INSERT INTO [reserver_agency] ([reserverAgencyId], [name], [address], [phone], [email], [hour], [reserverReserverId], [agencyAgencyId]) VALUES (97, N'Abordaje Pacasmayo', N'Av. Principal 307', N'044-041822', N'contacto@entrafesa.pe', N'13:30', 97, 6);
INSERT INTO [reserver_agency] ([reserverAgencyId], [name], [address], [phone], [email], [hour], [reserverReserverId], [agencyAgencyId]) VALUES (98, N'Abordaje Trujillo', N'Av. Principal 945', N'044-393788', N'contacto@entrafesa.pe', N'17:15', 98, 2);
INSERT INTO [reserver_agency] ([reserverAgencyId], [name], [address], [phone], [email], [hour], [reserverReserverId], [agencyAgencyId]) VALUES (99, N'Abordaje Trujillo', N'Av. Principal 945', N'044-393788', N'contacto@entrafesa.pe', N'15:45', 99, 2);
INSERT INTO [reserver_agency] ([reserverAgencyId], [name], [address], [phone], [email], [hour], [reserverReserverId], [agencyAgencyId]) VALUES (100, N'Abordaje Cajamarca', N'Av. Principal 1275', N'044-131035', N'contacto@entrafesa.pe', N'20:00', 100, 4);
INSERT INTO [reserver_agency] ([reserverAgencyId], [name], [address], [phone], [email], [hour], [reserverReserverId], [agencyAgencyId]) VALUES (101, N'Abordaje Cajamarca', N'Av. Principal 1275', N'044-131035', N'contacto@entrafesa.pe', N'14:30', 101, 4);
INSERT INTO [reserver_agency] ([reserverAgencyId], [name], [address], [phone], [email], [hour], [reserverReserverId], [agencyAgencyId]) VALUES (102, N'Abordaje Chimbote', N'Av. Principal 882', N'044-938084', N'contacto@entrafesa.pe', N'16:15', 102, 7);
INSERT INTO [reserver_agency] ([reserverAgencyId], [name], [address], [phone], [email], [hour], [reserverReserverId], [agencyAgencyId]) VALUES (103, N'Abordaje Trujillo', N'Av. Principal 945', N'044-393788', N'contacto@entrafesa.pe', N'14:00', 103, 2);
INSERT INTO [reserver_agency] ([reserverAgencyId], [name], [address], [phone], [email], [hour], [reserverReserverId], [agencyAgencyId]) VALUES (104, N'Abordaje Pacasmayo', N'Av. Principal 307', N'044-041822', N'contacto@entrafesa.pe', N'20:15', 104, 6);
INSERT INTO [reserver_agency] ([reserverAgencyId], [name], [address], [phone], [email], [hour], [reserverReserverId], [agencyAgencyId]) VALUES (105, N'Abordaje Lima', N'Av. Principal 499', N'044-755482', N'contacto@entrafesa.pe', N'15:15', 105, 1);
INSERT INTO [reserver_agency] ([reserverAgencyId], [name], [address], [phone], [email], [hour], [reserverReserverId], [agencyAgencyId]) VALUES (106, N'Abordaje Lima', N'Av. Principal 499', N'044-755482', N'contacto@entrafesa.pe', N'06:30', 106, 1);
INSERT INTO [reserver_agency] ([reserverAgencyId], [name], [address], [phone], [email], [hour], [reserverReserverId], [agencyAgencyId]) VALUES (107, N'Abordaje Chimbote', N'Av. Principal 882', N'044-938084', N'contacto@entrafesa.pe', N'10:30', 107, 7);
INSERT INTO [reserver_agency] ([reserverAgencyId], [name], [address], [phone], [email], [hour], [reserverReserverId], [agencyAgencyId]) VALUES (108, N'Abordaje Chiclayo', N'Av. Principal 189', N'044-774362', N'contacto@entrafesa.pe', N'07:15', 108, 3);
INSERT INTO [reserver_agency] ([reserverAgencyId], [name], [address], [phone], [email], [hour], [reserverReserverId], [agencyAgencyId]) VALUES (109, N'Abordaje Pacasmayo', N'Av. Principal 307', N'044-041822', N'contacto@entrafesa.pe', N'21:15', 109, 6);
INSERT INTO [reserver_agency] ([reserverAgencyId], [name], [address], [phone], [email], [hour], [reserverReserverId], [agencyAgencyId]) VALUES (110, N'Abordaje Trujillo', N'Av. Principal 945', N'044-393788', N'contacto@entrafesa.pe', N'21:15', 110, 2);
INSERT INTO [reserver_agency] ([reserverAgencyId], [name], [address], [phone], [email], [hour], [reserverReserverId], [agencyAgencyId]) VALUES (111, N'Abordaje Cajamarca', N'Av. Principal 1275', N'044-131035', N'contacto@entrafesa.pe', N'14:45', 111, 4);
INSERT INTO [reserver_agency] ([reserverAgencyId], [name], [address], [phone], [email], [hour], [reserverReserverId], [agencyAgencyId]) VALUES (112, N'Abordaje Lima', N'Av. Principal 499', N'044-755482', N'contacto@entrafesa.pe', N'14:15', 112, 1);
INSERT INTO [reserver_agency] ([reserverAgencyId], [name], [address], [phone], [email], [hour], [reserverReserverId], [agencyAgencyId]) VALUES (113, N'Abordaje Chiclayo', N'Av. Principal 189', N'044-774362', N'contacto@entrafesa.pe', N'14:00', 113, 3);
INSERT INTO [reserver_agency] ([reserverAgencyId], [name], [address], [phone], [email], [hour], [reserverReserverId], [agencyAgencyId]) VALUES (114, N'Abordaje Pacasmayo', N'Av. Principal 307', N'044-041822', N'contacto@entrafesa.pe', N'12:45', 114, 6);
INSERT INTO [reserver_agency] ([reserverAgencyId], [name], [address], [phone], [email], [hour], [reserverReserverId], [agencyAgencyId]) VALUES (115, N'Abordaje Trujillo', N'Av. Principal 945', N'044-393788', N'contacto@entrafesa.pe', N'18:00', 115, 2);
INSERT INTO [reserver_agency] ([reserverAgencyId], [name], [address], [phone], [email], [hour], [reserverReserverId], [agencyAgencyId]) VALUES (116, N'Abordaje Chiclayo', N'Av. Principal 189', N'044-774362', N'contacto@entrafesa.pe', N'13:15', 116, 3);
INSERT INTO [reserver_agency] ([reserverAgencyId], [name], [address], [phone], [email], [hour], [reserverReserverId], [agencyAgencyId]) VALUES (117, N'Abordaje Cajamarca', N'Av. Principal 1275', N'044-131035', N'contacto@entrafesa.pe', N'12:30', 117, 4);
INSERT INTO [reserver_agency] ([reserverAgencyId], [name], [address], [phone], [email], [hour], [reserverReserverId], [agencyAgencyId]) VALUES (118, N'Abordaje Chimbote', N'Av. Principal 882', N'044-938084', N'contacto@entrafesa.pe', N'15:00', 118, 7);
INSERT INTO [reserver_agency] ([reserverAgencyId], [name], [address], [phone], [email], [hour], [reserverReserverId], [agencyAgencyId]) VALUES (119, N'Abordaje Piura', N'Av. Principal 329', N'044-109152', N'contacto@entrafesa.pe', N'16:15', 119, 5);
INSERT INTO [reserver_agency] ([reserverAgencyId], [name], [address], [phone], [email], [hour], [reserverReserverId], [agencyAgencyId]) VALUES (120, N'Abordaje Chimbote', N'Av. Principal 882', N'044-938084', N'contacto@entrafesa.pe', N'17:00', 120, 7);
INSERT INTO [reserver_agency] ([reserverAgencyId], [name], [address], [phone], [email], [hour], [reserverReserverId], [agencyAgencyId]) VALUES (121, N'Abordaje Cajamarca', N'Av. Principal 1275', N'044-131035', N'contacto@entrafesa.pe', N'19:45', 121, 4);
INSERT INTO [reserver_agency] ([reserverAgencyId], [name], [address], [phone], [email], [hour], [reserverReserverId], [agencyAgencyId]) VALUES (122, N'Abordaje Pacasmayo', N'Av. Principal 307', N'044-041822', N'contacto@entrafesa.pe', N'19:45', 122, 6);
INSERT INTO [reserver_agency] ([reserverAgencyId], [name], [address], [phone], [email], [hour], [reserverReserverId], [agencyAgencyId]) VALUES (123, N'Abordaje Cajamarca', N'Av. Principal 1275', N'044-131035', N'contacto@entrafesa.pe', N'17:00', 123, 4);
INSERT INTO [reserver_agency] ([reserverAgencyId], [name], [address], [phone], [email], [hour], [reserverReserverId], [agencyAgencyId]) VALUES (124, N'Abordaje Piura', N'Av. Principal 329', N'044-109152', N'contacto@entrafesa.pe', N'16:30', 124, 5);
INSERT INTO [reserver_agency] ([reserverAgencyId], [name], [address], [phone], [email], [hour], [reserverReserverId], [agencyAgencyId]) VALUES (125, N'Abordaje Piura', N'Av. Principal 329', N'044-109152', N'contacto@entrafesa.pe', N'06:30', 125, 5);
INSERT INTO [reserver_agency] ([reserverAgencyId], [name], [address], [phone], [email], [hour], [reserverReserverId], [agencyAgencyId]) VALUES (126, N'Abordaje Pacasmayo', N'Av. Principal 307', N'044-041822', N'contacto@entrafesa.pe', N'21:00', 126, 6);
INSERT INTO [reserver_agency] ([reserverAgencyId], [name], [address], [phone], [email], [hour], [reserverReserverId], [agencyAgencyId]) VALUES (127, N'Abordaje Chimbote', N'Av. Principal 882', N'044-938084', N'contacto@entrafesa.pe', N'15:15', 127, 7);
INSERT INTO [reserver_agency] ([reserverAgencyId], [name], [address], [phone], [email], [hour], [reserverReserverId], [agencyAgencyId]) VALUES (128, N'Abordaje Chimbote', N'Av. Principal 882', N'044-938084', N'contacto@entrafesa.pe', N'12:30', 128, 7);
INSERT INTO [reserver_agency] ([reserverAgencyId], [name], [address], [phone], [email], [hour], [reserverReserverId], [agencyAgencyId]) VALUES (129, N'Abordaje Lima', N'Av. Principal 499', N'044-755482', N'contacto@entrafesa.pe', N'09:30', 129, 1);
INSERT INTO [reserver_agency] ([reserverAgencyId], [name], [address], [phone], [email], [hour], [reserverReserverId], [agencyAgencyId]) VALUES (130, N'Abordaje Chiclayo', N'Av. Principal 189', N'044-774362', N'contacto@entrafesa.pe', N'06:00', 130, 3);
INSERT INTO [reserver_agency] ([reserverAgencyId], [name], [address], [phone], [email], [hour], [reserverReserverId], [agencyAgencyId]) VALUES (131, N'Abordaje Chiclayo', N'Av. Principal 189', N'044-774362', N'contacto@entrafesa.pe', N'20:30', 131, 3);
INSERT INTO [reserver_agency] ([reserverAgencyId], [name], [address], [phone], [email], [hour], [reserverReserverId], [agencyAgencyId]) VALUES (132, N'Abordaje Cajamarca', N'Av. Principal 1275', N'044-131035', N'contacto@entrafesa.pe', N'16:15', 132, 4);
INSERT INTO [reserver_agency] ([reserverAgencyId], [name], [address], [phone], [email], [hour], [reserverReserverId], [agencyAgencyId]) VALUES (133, N'Abordaje Piura', N'Av. Principal 329', N'044-109152', N'contacto@entrafesa.pe', N'06:30', 133, 5);
INSERT INTO [reserver_agency] ([reserverAgencyId], [name], [address], [phone], [email], [hour], [reserverReserverId], [agencyAgencyId]) VALUES (134, N'Abordaje Lima', N'Av. Principal 499', N'044-755482', N'contacto@entrafesa.pe', N'22:30', 134, 1);
INSERT INTO [reserver_agency] ([reserverAgencyId], [name], [address], [phone], [email], [hour], [reserverReserverId], [agencyAgencyId]) VALUES (135, N'Abordaje Chiclayo', N'Av. Principal 189', N'044-774362', N'contacto@entrafesa.pe', N'12:45', 135, 3);
INSERT INTO [reserver_agency] ([reserverAgencyId], [name], [address], [phone], [email], [hour], [reserverReserverId], [agencyAgencyId]) VALUES (136, N'Abordaje Chiclayo', N'Av. Principal 189', N'044-774362', N'contacto@entrafesa.pe', N'20:30', 136, 3);
INSERT INTO [reserver_agency] ([reserverAgencyId], [name], [address], [phone], [email], [hour], [reserverReserverId], [agencyAgencyId]) VALUES (137, N'Abordaje Lima', N'Av. Principal 499', N'044-755482', N'contacto@entrafesa.pe', N'12:30', 137, 1);
INSERT INTO [reserver_agency] ([reserverAgencyId], [name], [address], [phone], [email], [hour], [reserverReserverId], [agencyAgencyId]) VALUES (138, N'Abordaje Pacasmayo', N'Av. Principal 307', N'044-041822', N'contacto@entrafesa.pe', N'12:45', 138, 6);
INSERT INTO [reserver_agency] ([reserverAgencyId], [name], [address], [phone], [email], [hour], [reserverReserverId], [agencyAgencyId]) VALUES (139, N'Abordaje Pacasmayo', N'Av. Principal 307', N'044-041822', N'contacto@entrafesa.pe', N'20:30', 139, 6);
INSERT INTO [reserver_agency] ([reserverAgencyId], [name], [address], [phone], [email], [hour], [reserverReserverId], [agencyAgencyId]) VALUES (140, N'Abordaje Trujillo', N'Av. Principal 945', N'044-393788', N'contacto@entrafesa.pe', N'14:45', 140, 2);
INSERT INTO [reserver_agency] ([reserverAgencyId], [name], [address], [phone], [email], [hour], [reserverReserverId], [agencyAgencyId]) VALUES (141, N'Abordaje Chiclayo', N'Av. Principal 189', N'044-774362', N'contacto@entrafesa.pe', N'15:30', 141, 3);
INSERT INTO [reserver_agency] ([reserverAgencyId], [name], [address], [phone], [email], [hour], [reserverReserverId], [agencyAgencyId]) VALUES (142, N'Abordaje Lima', N'Av. Principal 499', N'044-755482', N'contacto@entrafesa.pe', N'15:30', 142, 1);
INSERT INTO [reserver_agency] ([reserverAgencyId], [name], [address], [phone], [email], [hour], [reserverReserverId], [agencyAgencyId]) VALUES (143, N'Abordaje Chiclayo', N'Av. Principal 189', N'044-774362', N'contacto@entrafesa.pe', N'13:30', 143, 3);
INSERT INTO [reserver_agency] ([reserverAgencyId], [name], [address], [phone], [email], [hour], [reserverReserverId], [agencyAgencyId]) VALUES (144, N'Abordaje Trujillo', N'Av. Principal 945', N'044-393788', N'contacto@entrafesa.pe', N'19:45', 144, 2);
INSERT INTO [reserver_agency] ([reserverAgencyId], [name], [address], [phone], [email], [hour], [reserverReserverId], [agencyAgencyId]) VALUES (145, N'Abordaje Piura', N'Av. Principal 329', N'044-109152', N'contacto@entrafesa.pe', N'17:30', 145, 5);
INSERT INTO [reserver_agency] ([reserverAgencyId], [name], [address], [phone], [email], [hour], [reserverReserverId], [agencyAgencyId]) VALUES (146, N'Abordaje Chiclayo', N'Av. Principal 189', N'044-774362', N'contacto@entrafesa.pe', N'14:45', 146, 3);
INSERT INTO [reserver_agency] ([reserverAgencyId], [name], [address], [phone], [email], [hour], [reserverReserverId], [agencyAgencyId]) VALUES (147, N'Abordaje Cajamarca', N'Av. Principal 1275', N'044-131035', N'contacto@entrafesa.pe', N'06:45', 147, 4);
INSERT INTO [reserver_agency] ([reserverAgencyId], [name], [address], [phone], [email], [hour], [reserverReserverId], [agencyAgencyId]) VALUES (148, N'Abordaje Chiclayo', N'Av. Principal 189', N'044-774362', N'contacto@entrafesa.pe', N'19:30', 148, 3);
INSERT INTO [reserver_agency] ([reserverAgencyId], [name], [address], [phone], [email], [hour], [reserverReserverId], [agencyAgencyId]) VALUES (149, N'Abordaje Cajamarca', N'Av. Principal 1275', N'044-131035', N'contacto@entrafesa.pe', N'06:00', 149, 4);
INSERT INTO [reserver_agency] ([reserverAgencyId], [name], [address], [phone], [email], [hour], [reserverReserverId], [agencyAgencyId]) VALUES (150, N'Abordaje Chimbote', N'Av. Principal 882', N'044-938084', N'contacto@entrafesa.pe', N'15:15', 150, 7);
SET IDENTITY_INSERT [reserver_agency] OFF;
GO

PRINT 'Insertando tabla [reserver_price_floor]...';
SET IDENTITY_INSERT [reserver_price_floor] ON;
INSERT INTO [reserver_price_floor] ([reserverPriceFloorId], [price], [reserverReserverId], [floorFloorId]) VALUES (1, 50, 1, 2);
INSERT INTO [reserver_price_floor] ([reserverPriceFloorId], [price], [reserverReserverId], [floorFloorId]) VALUES (2, 40, 1, 3);
INSERT INTO [reserver_price_floor] ([reserverPriceFloorId], [price], [reserverReserverId], [floorFloorId]) VALUES (3, 50, 2, 5);
INSERT INTO [reserver_price_floor] ([reserverPriceFloorId], [price], [reserverReserverId], [floorFloorId]) VALUES (4, 50, 3, 6);
INSERT INTO [reserver_price_floor] ([reserverPriceFloorId], [price], [reserverReserverId], [floorFloorId]) VALUES (5, 50, 4, 2);
INSERT INTO [reserver_price_floor] ([reserverPriceFloorId], [price], [reserverReserverId], [floorFloorId]) VALUES (6, 40, 4, 3);
INSERT INTO [reserver_price_floor] ([reserverPriceFloorId], [price], [reserverReserverId], [floorFloorId]) VALUES (7, 50, 5, 5);
INSERT INTO [reserver_price_floor] ([reserverPriceFloorId], [price], [reserverReserverId], [floorFloorId]) VALUES (8, 50, 6, 2);
INSERT INTO [reserver_price_floor] ([reserverPriceFloorId], [price], [reserverReserverId], [floorFloorId]) VALUES (9, 40, 6, 3);
INSERT INTO [reserver_price_floor] ([reserverPriceFloorId], [price], [reserverReserverId], [floorFloorId]) VALUES (10, 50, 7, 6);
INSERT INTO [reserver_price_floor] ([reserverPriceFloorId], [price], [reserverReserverId], [floorFloorId]) VALUES (11, 50, 8, 6);
INSERT INTO [reserver_price_floor] ([reserverPriceFloorId], [price], [reserverReserverId], [floorFloorId]) VALUES (12, 50, 9, 2);
INSERT INTO [reserver_price_floor] ([reserverPriceFloorId], [price], [reserverReserverId], [floorFloorId]) VALUES (13, 40, 9, 3);
INSERT INTO [reserver_price_floor] ([reserverPriceFloorId], [price], [reserverReserverId], [floorFloorId]) VALUES (14, 50, 10, 6);
INSERT INTO [reserver_price_floor] ([reserverPriceFloorId], [price], [reserverReserverId], [floorFloorId]) VALUES (15, 50, 11, 5);
INSERT INTO [reserver_price_floor] ([reserverPriceFloorId], [price], [reserverReserverId], [floorFloorId]) VALUES (16, 50, 12, 5);
INSERT INTO [reserver_price_floor] ([reserverPriceFloorId], [price], [reserverReserverId], [floorFloorId]) VALUES (17, 50, 13, 6);
INSERT INTO [reserver_price_floor] ([reserverPriceFloorId], [price], [reserverReserverId], [floorFloorId]) VALUES (18, 50, 14, 5);
INSERT INTO [reserver_price_floor] ([reserverPriceFloorId], [price], [reserverReserverId], [floorFloorId]) VALUES (19, 50, 15, 7);
INSERT INTO [reserver_price_floor] ([reserverPriceFloorId], [price], [reserverReserverId], [floorFloorId]) VALUES (20, 50, 16, 2);
INSERT INTO [reserver_price_floor] ([reserverPriceFloorId], [price], [reserverReserverId], [floorFloorId]) VALUES (21, 40, 16, 3);
INSERT INTO [reserver_price_floor] ([reserverPriceFloorId], [price], [reserverReserverId], [floorFloorId]) VALUES (22, 50, 17, 1);
INSERT INTO [reserver_price_floor] ([reserverPriceFloorId], [price], [reserverReserverId], [floorFloorId]) VALUES (23, 50, 18, 6);
INSERT INTO [reserver_price_floor] ([reserverPriceFloorId], [price], [reserverReserverId], [floorFloorId]) VALUES (24, 50, 19, 2);
INSERT INTO [reserver_price_floor] ([reserverPriceFloorId], [price], [reserverReserverId], [floorFloorId]) VALUES (25, 40, 19, 3);
INSERT INTO [reserver_price_floor] ([reserverPriceFloorId], [price], [reserverReserverId], [floorFloorId]) VALUES (26, 50, 20, 1);
INSERT INTO [reserver_price_floor] ([reserverPriceFloorId], [price], [reserverReserverId], [floorFloorId]) VALUES (27, 50, 21, 7);
INSERT INTO [reserver_price_floor] ([reserverPriceFloorId], [price], [reserverReserverId], [floorFloorId]) VALUES (28, 50, 22, 1);
INSERT INTO [reserver_price_floor] ([reserverPriceFloorId], [price], [reserverReserverId], [floorFloorId]) VALUES (29, 50, 23, 2);
INSERT INTO [reserver_price_floor] ([reserverPriceFloorId], [price], [reserverReserverId], [floorFloorId]) VALUES (30, 40, 23, 3);
INSERT INTO [reserver_price_floor] ([reserverPriceFloorId], [price], [reserverReserverId], [floorFloorId]) VALUES (31, 50, 24, 2);
INSERT INTO [reserver_price_floor] ([reserverPriceFloorId], [price], [reserverReserverId], [floorFloorId]) VALUES (32, 40, 24, 3);
INSERT INTO [reserver_price_floor] ([reserverPriceFloorId], [price], [reserverReserverId], [floorFloorId]) VALUES (33, 50, 25, 6);
INSERT INTO [reserver_price_floor] ([reserverPriceFloorId], [price], [reserverReserverId], [floorFloorId]) VALUES (34, 50, 26, 6);
INSERT INTO [reserver_price_floor] ([reserverPriceFloorId], [price], [reserverReserverId], [floorFloorId]) VALUES (35, 50, 27, 5);
INSERT INTO [reserver_price_floor] ([reserverPriceFloorId], [price], [reserverReserverId], [floorFloorId]) VALUES (36, 50, 28, 2);
INSERT INTO [reserver_price_floor] ([reserverPriceFloorId], [price], [reserverReserverId], [floorFloorId]) VALUES (37, 40, 28, 3);
INSERT INTO [reserver_price_floor] ([reserverPriceFloorId], [price], [reserverReserverId], [floorFloorId]) VALUES (38, 50, 29, 6);
INSERT INTO [reserver_price_floor] ([reserverPriceFloorId], [price], [reserverReserverId], [floorFloorId]) VALUES (39, 50, 30, 6);
INSERT INTO [reserver_price_floor] ([reserverPriceFloorId], [price], [reserverReserverId], [floorFloorId]) VALUES (40, 50, 31, 7);
INSERT INTO [reserver_price_floor] ([reserverPriceFloorId], [price], [reserverReserverId], [floorFloorId]) VALUES (41, 50, 32, 1);
INSERT INTO [reserver_price_floor] ([reserverPriceFloorId], [price], [reserverReserverId], [floorFloorId]) VALUES (42, 50, 33, 5);
INSERT INTO [reserver_price_floor] ([reserverPriceFloorId], [price], [reserverReserverId], [floorFloorId]) VALUES (43, 50, 34, 7);
INSERT INTO [reserver_price_floor] ([reserverPriceFloorId], [price], [reserverReserverId], [floorFloorId]) VALUES (44, 50, 35, 7);
INSERT INTO [reserver_price_floor] ([reserverPriceFloorId], [price], [reserverReserverId], [floorFloorId]) VALUES (45, 50, 36, 2);
INSERT INTO [reserver_price_floor] ([reserverPriceFloorId], [price], [reserverReserverId], [floorFloorId]) VALUES (46, 40, 36, 3);
INSERT INTO [reserver_price_floor] ([reserverPriceFloorId], [price], [reserverReserverId], [floorFloorId]) VALUES (47, 50, 37, 1);
INSERT INTO [reserver_price_floor] ([reserverPriceFloorId], [price], [reserverReserverId], [floorFloorId]) VALUES (48, 50, 38, 6);
INSERT INTO [reserver_price_floor] ([reserverPriceFloorId], [price], [reserverReserverId], [floorFloorId]) VALUES (49, 50, 39, 1);
INSERT INTO [reserver_price_floor] ([reserverPriceFloorId], [price], [reserverReserverId], [floorFloorId]) VALUES (50, 50, 40, 6);
INSERT INTO [reserver_price_floor] ([reserverPriceFloorId], [price], [reserverReserverId], [floorFloorId]) VALUES (51, 50, 41, 7);
INSERT INTO [reserver_price_floor] ([reserverPriceFloorId], [price], [reserverReserverId], [floorFloorId]) VALUES (52, 50, 42, 6);
INSERT INTO [reserver_price_floor] ([reserverPriceFloorId], [price], [reserverReserverId], [floorFloorId]) VALUES (53, 50, 43, 5);
INSERT INTO [reserver_price_floor] ([reserverPriceFloorId], [price], [reserverReserverId], [floorFloorId]) VALUES (54, 50, 44, 6);
INSERT INTO [reserver_price_floor] ([reserverPriceFloorId], [price], [reserverReserverId], [floorFloorId]) VALUES (55, 50, 45, 4);
INSERT INTO [reserver_price_floor] ([reserverPriceFloorId], [price], [reserverReserverId], [floorFloorId]) VALUES (56, 50, 46, 4);
INSERT INTO [reserver_price_floor] ([reserverPriceFloorId], [price], [reserverReserverId], [floorFloorId]) VALUES (57, 50, 47, 7);
INSERT INTO [reserver_price_floor] ([reserverPriceFloorId], [price], [reserverReserverId], [floorFloorId]) VALUES (58, 50, 48, 2);
INSERT INTO [reserver_price_floor] ([reserverPriceFloorId], [price], [reserverReserverId], [floorFloorId]) VALUES (59, 40, 48, 3);
INSERT INTO [reserver_price_floor] ([reserverPriceFloorId], [price], [reserverReserverId], [floorFloorId]) VALUES (60, 50, 49, 6);
INSERT INTO [reserver_price_floor] ([reserverPriceFloorId], [price], [reserverReserverId], [floorFloorId]) VALUES (61, 50, 50, 4);
INSERT INTO [reserver_price_floor] ([reserverPriceFloorId], [price], [reserverReserverId], [floorFloorId]) VALUES (62, 50, 51, 1);
INSERT INTO [reserver_price_floor] ([reserverPriceFloorId], [price], [reserverReserverId], [floorFloorId]) VALUES (63, 50, 52, 7);
INSERT INTO [reserver_price_floor] ([reserverPriceFloorId], [price], [reserverReserverId], [floorFloorId]) VALUES (64, 50, 53, 6);
INSERT INTO [reserver_price_floor] ([reserverPriceFloorId], [price], [reserverReserverId], [floorFloorId]) VALUES (65, 50, 54, 6);
INSERT INTO [reserver_price_floor] ([reserverPriceFloorId], [price], [reserverReserverId], [floorFloorId]) VALUES (66, 50, 55, 4);
INSERT INTO [reserver_price_floor] ([reserverPriceFloorId], [price], [reserverReserverId], [floorFloorId]) VALUES (67, 50, 56, 6);
INSERT INTO [reserver_price_floor] ([reserverPriceFloorId], [price], [reserverReserverId], [floorFloorId]) VALUES (68, 50, 57, 7);
INSERT INTO [reserver_price_floor] ([reserverPriceFloorId], [price], [reserverReserverId], [floorFloorId]) VALUES (69, 50, 58, 7);
INSERT INTO [reserver_price_floor] ([reserverPriceFloorId], [price], [reserverReserverId], [floorFloorId]) VALUES (70, 50, 59, 7);
INSERT INTO [reserver_price_floor] ([reserverPriceFloorId], [price], [reserverReserverId], [floorFloorId]) VALUES (71, 50, 60, 5);
INSERT INTO [reserver_price_floor] ([reserverPriceFloorId], [price], [reserverReserverId], [floorFloorId]) VALUES (72, 50, 61, 1);
INSERT INTO [reserver_price_floor] ([reserverPriceFloorId], [price], [reserverReserverId], [floorFloorId]) VALUES (73, 50, 62, 4);
INSERT INTO [reserver_price_floor] ([reserverPriceFloorId], [price], [reserverReserverId], [floorFloorId]) VALUES (74, 50, 63, 7);
INSERT INTO [reserver_price_floor] ([reserverPriceFloorId], [price], [reserverReserverId], [floorFloorId]) VALUES (75, 50, 64, 4);
INSERT INTO [reserver_price_floor] ([reserverPriceFloorId], [price], [reserverReserverId], [floorFloorId]) VALUES (76, 50, 65, 2);
INSERT INTO [reserver_price_floor] ([reserverPriceFloorId], [price], [reserverReserverId], [floorFloorId]) VALUES (77, 40, 65, 3);
INSERT INTO [reserver_price_floor] ([reserverPriceFloorId], [price], [reserverReserverId], [floorFloorId]) VALUES (78, 50, 66, 2);
INSERT INTO [reserver_price_floor] ([reserverPriceFloorId], [price], [reserverReserverId], [floorFloorId]) VALUES (79, 40, 66, 3);
INSERT INTO [reserver_price_floor] ([reserverPriceFloorId], [price], [reserverReserverId], [floorFloorId]) VALUES (80, 50, 67, 5);
INSERT INTO [reserver_price_floor] ([reserverPriceFloorId], [price], [reserverReserverId], [floorFloorId]) VALUES (81, 50, 68, 2);
INSERT INTO [reserver_price_floor] ([reserverPriceFloorId], [price], [reserverReserverId], [floorFloorId]) VALUES (82, 40, 68, 3);
INSERT INTO [reserver_price_floor] ([reserverPriceFloorId], [price], [reserverReserverId], [floorFloorId]) VALUES (83, 50, 69, 2);
INSERT INTO [reserver_price_floor] ([reserverPriceFloorId], [price], [reserverReserverId], [floorFloorId]) VALUES (84, 40, 69, 3);
INSERT INTO [reserver_price_floor] ([reserverPriceFloorId], [price], [reserverReserverId], [floorFloorId]) VALUES (85, 50, 70, 7);
INSERT INTO [reserver_price_floor] ([reserverPriceFloorId], [price], [reserverReserverId], [floorFloorId]) VALUES (86, 50, 71, 5);
INSERT INTO [reserver_price_floor] ([reserverPriceFloorId], [price], [reserverReserverId], [floorFloorId]) VALUES (87, 50, 72, 5);
INSERT INTO [reserver_price_floor] ([reserverPriceFloorId], [price], [reserverReserverId], [floorFloorId]) VALUES (88, 50, 73, 1);
INSERT INTO [reserver_price_floor] ([reserverPriceFloorId], [price], [reserverReserverId], [floorFloorId]) VALUES (89, 50, 74, 1);
INSERT INTO [reserver_price_floor] ([reserverPriceFloorId], [price], [reserverReserverId], [floorFloorId]) VALUES (90, 50, 75, 2);
INSERT INTO [reserver_price_floor] ([reserverPriceFloorId], [price], [reserverReserverId], [floorFloorId]) VALUES (91, 40, 75, 3);
INSERT INTO [reserver_price_floor] ([reserverPriceFloorId], [price], [reserverReserverId], [floorFloorId]) VALUES (92, 50, 76, 5);
INSERT INTO [reserver_price_floor] ([reserverPriceFloorId], [price], [reserverReserverId], [floorFloorId]) VALUES (93, 50, 77, 2);
INSERT INTO [reserver_price_floor] ([reserverPriceFloorId], [price], [reserverReserverId], [floorFloorId]) VALUES (94, 40, 77, 3);
INSERT INTO [reserver_price_floor] ([reserverPriceFloorId], [price], [reserverReserverId], [floorFloorId]) VALUES (95, 50, 78, 2);
INSERT INTO [reserver_price_floor] ([reserverPriceFloorId], [price], [reserverReserverId], [floorFloorId]) VALUES (96, 40, 78, 3);
INSERT INTO [reserver_price_floor] ([reserverPriceFloorId], [price], [reserverReserverId], [floorFloorId]) VALUES (97, 50, 79, 6);
INSERT INTO [reserver_price_floor] ([reserverPriceFloorId], [price], [reserverReserverId], [floorFloorId]) VALUES (98, 50, 80, 5);
INSERT INTO [reserver_price_floor] ([reserverPriceFloorId], [price], [reserverReserverId], [floorFloorId]) VALUES (99, 50, 81, 6);
INSERT INTO [reserver_price_floor] ([reserverPriceFloorId], [price], [reserverReserverId], [floorFloorId]) VALUES (100, 50, 82, 2);
INSERT INTO [reserver_price_floor] ([reserverPriceFloorId], [price], [reserverReserverId], [floorFloorId]) VALUES (101, 40, 82, 3);
INSERT INTO [reserver_price_floor] ([reserverPriceFloorId], [price], [reserverReserverId], [floorFloorId]) VALUES (102, 50, 83, 5);
INSERT INTO [reserver_price_floor] ([reserverPriceFloorId], [price], [reserverReserverId], [floorFloorId]) VALUES (103, 50, 84, 6);
INSERT INTO [reserver_price_floor] ([reserverPriceFloorId], [price], [reserverReserverId], [floorFloorId]) VALUES (104, 50, 85, 1);
INSERT INTO [reserver_price_floor] ([reserverPriceFloorId], [price], [reserverReserverId], [floorFloorId]) VALUES (105, 50, 86, 1);
INSERT INTO [reserver_price_floor] ([reserverPriceFloorId], [price], [reserverReserverId], [floorFloorId]) VALUES (106, 50, 87, 7);
INSERT INTO [reserver_price_floor] ([reserverPriceFloorId], [price], [reserverReserverId], [floorFloorId]) VALUES (107, 50, 88, 5);
INSERT INTO [reserver_price_floor] ([reserverPriceFloorId], [price], [reserverReserverId], [floorFloorId]) VALUES (108, 50, 89, 1);
INSERT INTO [reserver_price_floor] ([reserverPriceFloorId], [price], [reserverReserverId], [floorFloorId]) VALUES (109, 50, 90, 5);
INSERT INTO [reserver_price_floor] ([reserverPriceFloorId], [price], [reserverReserverId], [floorFloorId]) VALUES (110, 50, 91, 4);
INSERT INTO [reserver_price_floor] ([reserverPriceFloorId], [price], [reserverReserverId], [floorFloorId]) VALUES (111, 50, 92, 4);
INSERT INTO [reserver_price_floor] ([reserverPriceFloorId], [price], [reserverReserverId], [floorFloorId]) VALUES (112, 50, 93, 5);
INSERT INTO [reserver_price_floor] ([reserverPriceFloorId], [price], [reserverReserverId], [floorFloorId]) VALUES (113, 50, 94, 4);
INSERT INTO [reserver_price_floor] ([reserverPriceFloorId], [price], [reserverReserverId], [floorFloorId]) VALUES (114, 50, 95, 1);
INSERT INTO [reserver_price_floor] ([reserverPriceFloorId], [price], [reserverReserverId], [floorFloorId]) VALUES (115, 50, 96, 2);
INSERT INTO [reserver_price_floor] ([reserverPriceFloorId], [price], [reserverReserverId], [floorFloorId]) VALUES (116, 40, 96, 3);
INSERT INTO [reserver_price_floor] ([reserverPriceFloorId], [price], [reserverReserverId], [floorFloorId]) VALUES (117, 50, 97, 7);
INSERT INTO [reserver_price_floor] ([reserverPriceFloorId], [price], [reserverReserverId], [floorFloorId]) VALUES (118, 50, 98, 2);
INSERT INTO [reserver_price_floor] ([reserverPriceFloorId], [price], [reserverReserverId], [floorFloorId]) VALUES (119, 40, 98, 3);
INSERT INTO [reserver_price_floor] ([reserverPriceFloorId], [price], [reserverReserverId], [floorFloorId]) VALUES (120, 50, 99, 1);
INSERT INTO [reserver_price_floor] ([reserverPriceFloorId], [price], [reserverReserverId], [floorFloorId]) VALUES (121, 50, 100, 1);
INSERT INTO [reserver_price_floor] ([reserverPriceFloorId], [price], [reserverReserverId], [floorFloorId]) VALUES (122, 50, 101, 6);
INSERT INTO [reserver_price_floor] ([reserverPriceFloorId], [price], [reserverReserverId], [floorFloorId]) VALUES (123, 50, 102, 7);
INSERT INTO [reserver_price_floor] ([reserverPriceFloorId], [price], [reserverReserverId], [floorFloorId]) VALUES (124, 50, 103, 2);
INSERT INTO [reserver_price_floor] ([reserverPriceFloorId], [price], [reserverReserverId], [floorFloorId]) VALUES (125, 40, 103, 3);
INSERT INTO [reserver_price_floor] ([reserverPriceFloorId], [price], [reserverReserverId], [floorFloorId]) VALUES (126, 50, 104, 7);
INSERT INTO [reserver_price_floor] ([reserverPriceFloorId], [price], [reserverReserverId], [floorFloorId]) VALUES (127, 50, 105, 2);
INSERT INTO [reserver_price_floor] ([reserverPriceFloorId], [price], [reserverReserverId], [floorFloorId]) VALUES (128, 40, 105, 3);
INSERT INTO [reserver_price_floor] ([reserverPriceFloorId], [price], [reserverReserverId], [floorFloorId]) VALUES (129, 50, 106, 5);
INSERT INTO [reserver_price_floor] ([reserverPriceFloorId], [price], [reserverReserverId], [floorFloorId]) VALUES (130, 50, 107, 1);
INSERT INTO [reserver_price_floor] ([reserverPriceFloorId], [price], [reserverReserverId], [floorFloorId]) VALUES (131, 50, 108, 7);
INSERT INTO [reserver_price_floor] ([reserverPriceFloorId], [price], [reserverReserverId], [floorFloorId]) VALUES (132, 50, 109, 6);
INSERT INTO [reserver_price_floor] ([reserverPriceFloorId], [price], [reserverReserverId], [floorFloorId]) VALUES (133, 50, 110, 5);
INSERT INTO [reserver_price_floor] ([reserverPriceFloorId], [price], [reserverReserverId], [floorFloorId]) VALUES (134, 50, 111, 5);
INSERT INTO [reserver_price_floor] ([reserverPriceFloorId], [price], [reserverReserverId], [floorFloorId]) VALUES (135, 50, 112, 1);
INSERT INTO [reserver_price_floor] ([reserverPriceFloorId], [price], [reserverReserverId], [floorFloorId]) VALUES (136, 50, 113, 1);
INSERT INTO [reserver_price_floor] ([reserverPriceFloorId], [price], [reserverReserverId], [floorFloorId]) VALUES (137, 50, 114, 1);
INSERT INTO [reserver_price_floor] ([reserverPriceFloorId], [price], [reserverReserverId], [floorFloorId]) VALUES (138, 50, 115, 1);
INSERT INTO [reserver_price_floor] ([reserverPriceFloorId], [price], [reserverReserverId], [floorFloorId]) VALUES (139, 50, 116, 5);
INSERT INTO [reserver_price_floor] ([reserverPriceFloorId], [price], [reserverReserverId], [floorFloorId]) VALUES (140, 50, 117, 6);
INSERT INTO [reserver_price_floor] ([reserverPriceFloorId], [price], [reserverReserverId], [floorFloorId]) VALUES (141, 50, 118, 4);
INSERT INTO [reserver_price_floor] ([reserverPriceFloorId], [price], [reserverReserverId], [floorFloorId]) VALUES (142, 50, 119, 1);
INSERT INTO [reserver_price_floor] ([reserverPriceFloorId], [price], [reserverReserverId], [floorFloorId]) VALUES (143, 50, 120, 1);
INSERT INTO [reserver_price_floor] ([reserverPriceFloorId], [price], [reserverReserverId], [floorFloorId]) VALUES (144, 50, 121, 5);
INSERT INTO [reserver_price_floor] ([reserverPriceFloorId], [price], [reserverReserverId], [floorFloorId]) VALUES (145, 50, 122, 5);
INSERT INTO [reserver_price_floor] ([reserverPriceFloorId], [price], [reserverReserverId], [floorFloorId]) VALUES (146, 50, 123, 6);
INSERT INTO [reserver_price_floor] ([reserverPriceFloorId], [price], [reserverReserverId], [floorFloorId]) VALUES (147, 50, 124, 4);
INSERT INTO [reserver_price_floor] ([reserverPriceFloorId], [price], [reserverReserverId], [floorFloorId]) VALUES (148, 50, 125, 4);
INSERT INTO [reserver_price_floor] ([reserverPriceFloorId], [price], [reserverReserverId], [floorFloorId]) VALUES (149, 50, 126, 2);
INSERT INTO [reserver_price_floor] ([reserverPriceFloorId], [price], [reserverReserverId], [floorFloorId]) VALUES (150, 40, 126, 3);
INSERT INTO [reserver_price_floor] ([reserverPriceFloorId], [price], [reserverReserverId], [floorFloorId]) VALUES (151, 50, 127, 1);
INSERT INTO [reserver_price_floor] ([reserverPriceFloorId], [price], [reserverReserverId], [floorFloorId]) VALUES (152, 50, 128, 6);
INSERT INTO [reserver_price_floor] ([reserverPriceFloorId], [price], [reserverReserverId], [floorFloorId]) VALUES (153, 50, 129, 4);
INSERT INTO [reserver_price_floor] ([reserverPriceFloorId], [price], [reserverReserverId], [floorFloorId]) VALUES (154, 50, 130, 2);
INSERT INTO [reserver_price_floor] ([reserverPriceFloorId], [price], [reserverReserverId], [floorFloorId]) VALUES (155, 40, 130, 3);
INSERT INTO [reserver_price_floor] ([reserverPriceFloorId], [price], [reserverReserverId], [floorFloorId]) VALUES (156, 50, 131, 5);
INSERT INTO [reserver_price_floor] ([reserverPriceFloorId], [price], [reserverReserverId], [floorFloorId]) VALUES (157, 50, 132, 6);
INSERT INTO [reserver_price_floor] ([reserverPriceFloorId], [price], [reserverReserverId], [floorFloorId]) VALUES (158, 50, 133, 1);
INSERT INTO [reserver_price_floor] ([reserverPriceFloorId], [price], [reserverReserverId], [floorFloorId]) VALUES (159, 50, 134, 7);
INSERT INTO [reserver_price_floor] ([reserverPriceFloorId], [price], [reserverReserverId], [floorFloorId]) VALUES (160, 50, 135, 5);
INSERT INTO [reserver_price_floor] ([reserverPriceFloorId], [price], [reserverReserverId], [floorFloorId]) VALUES (161, 50, 136, 4);
INSERT INTO [reserver_price_floor] ([reserverPriceFloorId], [price], [reserverReserverId], [floorFloorId]) VALUES (162, 50, 137, 6);
INSERT INTO [reserver_price_floor] ([reserverPriceFloorId], [price], [reserverReserverId], [floorFloorId]) VALUES (163, 50, 138, 6);
INSERT INTO [reserver_price_floor] ([reserverPriceFloorId], [price], [reserverReserverId], [floorFloorId]) VALUES (164, 50, 139, 6);
INSERT INTO [reserver_price_floor] ([reserverPriceFloorId], [price], [reserverReserverId], [floorFloorId]) VALUES (165, 50, 140, 6);
INSERT INTO [reserver_price_floor] ([reserverPriceFloorId], [price], [reserverReserverId], [floorFloorId]) VALUES (166, 50, 141, 2);
INSERT INTO [reserver_price_floor] ([reserverPriceFloorId], [price], [reserverReserverId], [floorFloorId]) VALUES (167, 40, 141, 3);
INSERT INTO [reserver_price_floor] ([reserverPriceFloorId], [price], [reserverReserverId], [floorFloorId]) VALUES (168, 50, 142, 7);
INSERT INTO [reserver_price_floor] ([reserverPriceFloorId], [price], [reserverReserverId], [floorFloorId]) VALUES (169, 50, 143, 6);
INSERT INTO [reserver_price_floor] ([reserverPriceFloorId], [price], [reserverReserverId], [floorFloorId]) VALUES (170, 50, 144, 5);
INSERT INTO [reserver_price_floor] ([reserverPriceFloorId], [price], [reserverReserverId], [floorFloorId]) VALUES (171, 50, 145, 2);
INSERT INTO [reserver_price_floor] ([reserverPriceFloorId], [price], [reserverReserverId], [floorFloorId]) VALUES (172, 40, 145, 3);
INSERT INTO [reserver_price_floor] ([reserverPriceFloorId], [price], [reserverReserverId], [floorFloorId]) VALUES (173, 50, 146, 2);
INSERT INTO [reserver_price_floor] ([reserverPriceFloorId], [price], [reserverReserverId], [floorFloorId]) VALUES (174, 40, 146, 3);
INSERT INTO [reserver_price_floor] ([reserverPriceFloorId], [price], [reserverReserverId], [floorFloorId]) VALUES (175, 50, 147, 7);
INSERT INTO [reserver_price_floor] ([reserverPriceFloorId], [price], [reserverReserverId], [floorFloorId]) VALUES (176, 50, 148, 4);
INSERT INTO [reserver_price_floor] ([reserverPriceFloorId], [price], [reserverReserverId], [floorFloorId]) VALUES (177, 50, 149, 7);
INSERT INTO [reserver_price_floor] ([reserverPriceFloorId], [price], [reserverReserverId], [floorFloorId]) VALUES (178, 50, 150, 2);
INSERT INTO [reserver_price_floor] ([reserverPriceFloorId], [price], [reserverReserverId], [floorFloorId]) VALUES (179, 40, 150, 3);
SET IDENTITY_INSERT [reserver_price_floor] OFF;
GO

-- Re-habilitar restricciones de claves foráneas
EXEC sp_MSforeachtable "ALTER TABLE ? CHECK CONSTRAINT all";
GO

PRINT 'Mock data cargada con éxito!';
